Cleanup ID,Zone,State,Country,GPS,Cleanup Type,Cleanup Date,Group Name,Adults,Children,People,Pounds,Miles,# of bags,Cigarette butts,"Food wrappers (candy, chips, etc.)",Food containers (plastic),Food containers (foam),Bottle caps (plastic),Bottle caps (metal),Lids (plastic),Straws/stirrers (plastic),Utensils (plastic),Beverage bottles (plastic),Beverage bottles (glass),Beverage cans,Grocery bags (plastic),Other bags (plastic),Paper bags,"Cups, Plates (paper)","Cups, Plates (plastic)","Cups, Plates (foam)","Fishing buoys, pots & traps",Fishing net & pieces,"Lines, nets, traps, ropes, etc.",Fishing line (1 yard/meter = 1 piece),Fishing gear (Clean Swell),6-Pack holders,Other plastic/foam packaging,Foam dock pieces,"Other plastic bottles (oil, bleach, etc.)",Strapping bands,Other packaging (Clean Swell),Beverage sachets/pouches,"Appliances (refrigerators, washers, etc.)",Balloons,Cigar tips,Cigarette lighters,Tobacco packaging/wrap,"Tobacco products (lighters, cigar tips, wrap)",Foam packaging,Construction materials,Fireworks,Tires,Toys,Other trash (Clean Swell),Clothing,"Electronic waste (phones, batteries)",Condoms,Diapers,Syringes,Footwear (shoes/slippers),Tampons & applicators,Personal hygiene (Clean Swell),Gloves & masks (PPE),Foam pieces,Glass pieces,Plastic pieces,Plastic/foam pieces,Other plastic waste,Cotton bud sticks (swabs),Total Items Collected
252020,"Orange County, CA, USA","California, USA",United States,"33.82787, -118.03882",beach,11/16/2022,Pacific Beach Coalition,2,0,2,13.87,0.2983,0,31,11,2,1,3,1,3,2,3,5,2,6,3,0,0,0,4,0,0,0,0,0,0,0,0,0,0,2,1,7,0,0,0,0,0,0,0,1,0,0,0,0,0,0,0,0,0,0,0,0,3,0,0,0,11,0,0,190
251811,"Orange County, CA, USA","California, USA",United States,"33.82803, -118.03884",beach,11/10/2022,Pacific Beach Coalition,2,0,2,13.21,0.0,0,21,12,3,1,3,4,4,2,2,5,1,7,2,0,0,0,5,0,0,0,0,0,0,0,0,0,0,2,1,4,0,1,0,0,0,0,0,0,0,0,0,0,0,0,0,0,0,0,0,0,3,0,0,0,23,0,0,186
250850,"Orange County, CA, USA","California, USA",United States,"33.83091, -118.0364",beach,11/3/2022,Pacific Beach Coalition,2,0,2,13.41,0.7993,0,32,11,4,1,2,1,2,4,1,3,0,9,3,0,0,0,10,0,0,0,0,0,0,0,0,0,0,3,1,4,0,0,0,0,0,0,0,1,0,0,0,0,0,0,0,0,0,0,0,0,5,0,0,0,11,0,0,199
252349,"Orange County, CA, USA","California, USA",United States,"33.83095, -118.03639",beach,11/20/2022,Pacific Beach Coalition,2,0,2,14.45,0.0061,0,25,13,2,2,1,1,3,2,2,6,1,9,2,0,0,0,9,0,0,0,0,0,0,0,0,0,0,3,1,4,0,1,0,0,0,0,0,2,0,0,0,0,0,0,0,0,0,0,0,0,4,0,0,0,19,0,0,199
251183,"Orange County, CA, USA","California, USA",United States,"33.83097, -118.03626",beach,11/6/2022,Pacific Beach Coalition,2,0,2,13.26,0.0317,0,22,9,2,2,1,2,2,3,1,4,1,8,2,0,0,0,4,0,0,0,0,0,0,0,0,0,0,1,0,7,0,0,0,0,0,0,0,2,0,0,0,0,0,0,0,0,0,0,0,0,3,0,0,0,17,0,0,174
252470,"Orange County, CA, USA","California, USA",United States,"33.83097, -118.03626",beach,11/22/2022,Pacific Beach Coalition,2,0,2,11.28,0.7471,0,31,6,1,1,3,2,2,2,2,5,0,7,2,0,0,0,6,0,0,0,0,0,0,0,0,0,0,1,1,2,0,0,0,0,0,0,0,1,0,0,0,0,0,0,0,0,0,0,0,0,4,0,0,0,13,0,0,170
251100,"Orange County, CA, USA","California, USA",United States,"33.83097, -118.03673",beach,11/5/2022,Pacific Beach Coalition,2,0,2,13.11,0.0719,0,31,14,4,2,2,3,3,3,1,5,0,6,2,0,0,0,8,0,0,0,0,0,0,0,0,0,0,3,1,4,0,2,0,0,0,0,0,1,0,0,0,0,0,0,0,0,0,0,0,0,5,0,0,0,16,0,0,203
251813,"Orange County, CA, USA","California, USA",United States,"33.83099, -118.0363",beach,11/13/2022,Pacific Beach Coalition,2,0,2,11.75,0.0105,0,26,12,3,1,1,2,4,2,3,5,1,7,3,0,0,0,5,0,0,0,0,0,0,0,0,0,0,2,1,3,0,1,0,0,0,0,0,1,0,0,0,0,0,0,0,0,0,0,0,0,2,0,0,0,8,0,0,168
250716,"Orange County, CA, USA","California, USA",United States,"33.84675, -118.04614",beach,11/1/2022,Pacific Beach Coalition,2,0,2,12.94,1.2481,0,27,11,4,1,3,2,4,2,2,3,1,9,2,0,0,0,6,0,0,0,0,0,0,0,0,0,0,2,1,4,0,0,0,0,0,0,0,1,0,0,0,0,0,0,0,0,0,0,0,0,6,0,0,0,18,0,0,192
252449,"San Mateo County, CA, USA","California, USA",United States,"37.250247561133, -122.3529365002",beach,11/22/2022,NCL- Coastside 2028,2,0,2,1.389,0.006307,0,0,0,0,0,1,0,0,0,0,0,1,1,0,0,0,0,0,0,0,0,0,0,0,0,0,0,0,0,0,0,0,0,0,0,0,0,0,0,0,0,0,0,0,0,0,0,0,0,0,0,0,0,0,0,0,7,0,10
252852,"San Mateo County, CA, USA","California, USA",United States,"37.250248429895, -122.35293177473",beach,11/29/2022,NCL- Coastside 2028,2,0,2,0.039,0.0,0,0,0,0,0,1,0,0,0,0,0,0,1,0,0,0,0,0,0,0,0,0,0,0,0,0,0,0,0,0,0,0,0,0,0,0,0,0,0,0,0,0,0,0,0,0,0,0,0,0,0,0,0,0,0,7,0,0,9
251502,"San Mateo County, CA, USA","California, USA",United States,"37.260495281162, -122.41316820737",beach,11/11/2022,Equinix UX,15,0,15,14.67,0.225585,0,12,0,0,0,5,2,0,0,0,3,0,3,0,3,0,0,0,1,0,0,0,0,0,0,0,0,0,0,0,2,0,0,0,0,0,2,0,5,0,0,0,0,0,0,0,0,0,0,0,0,6,0,0,0,13,3,0,63
251265,"San Mateo County, CA, USA","California, USA",United States,"37.45732855946, -122.24135657546",beach,11/8/2022,CBJ Vav,20,0,20,2.034,0.0,0,3,10,0,0,0,0,0,1,0,0,0,0,0,0,0,1,2,0,0,0,0,0,0,0,0,0,0,2,0,0,0,0,0,0,0,0,0,0,0,0,0,0,0,0,0,0,0,0,0,0,0,0,0,0,0,1,1,32
252703,"San Mateo County, CA, USA","California, USA",United States,"37.482842299698, -122.45271166429",beach,11/26/2022,,3,0,3,14.744,0.529758,0,19,16,2,0,5,4,1,3,2,1,1,0,0,0,0,0,0,4,0,0,1,0,0,0,0,2,1,1,0,0,0,0,0,0,0,0,19,0,0,0,0,0,1,1,0,0,1,0,0,0,1,0,0,0,80,7,0,179
252704,"San Mateo County, CA, USA","California, USA",United States,"37.482900873306, -122.45215339829",beach,11/26/2022,,3,0,3,0.33,0.0,0,12,0,0,0,0,0,0,0,0,0,0,0,0,0,0,0,0,0,0,0,0,0,0,0,0,0,0,0,0,0,0,0,0,0,0,0,0,0,0,0,0,0,1,0,0,0,0,0,0,0,0,0,0,0,20,0,0,33
252705,"San Mateo County, CA, USA","California, USA",United States,"37.483010933861, -122.45216025086",beach,11/26/2022,,4,0,4,2.609,0.384342,0,23,8,0,0,9,2,0,0,3,0,0,0,0,1,1,1,0,2,0,0,0,0,0,0,0,0,0,0,0,0,0,0,0,0,0,0,0,0,0,0,2,0,1,0,0,0,0,0,0,0,0,0,0,0,11,1,0,70
252542,"San Mateo County, CA, USA","California, USA",United States,"37.4955696, -122.496687",beach,11/23/2022,,1,0,1,0.0,0.0,0,0,0,0,0,0,0,0,0,0,0,0,0,0,0,0,0,0,0,0,0,0,0,0,0,0,0,0,0,0,0,0,0,0,0,0,0,0,0,0,0,0,0,0,0,0,0,0,0,0,0,0,0,0,0,0,0,0,0
252543,"San Mateo County, CA, USA","California, USA",United States,"37.4955696, -122.496687",beach,11/23/2022,,1,0,1,0.148,1.2,0,0,0,0,0,3,0,0,0,0,2,0,0,2,0,0,0,0,0,0,0,0,0,0,0,0,0,0,0,0,0,0,0,0,0,0,0,0,0,0,0,0,0,0,0,0,0,0,0,0,0,0,0,0,0,4,0,0,11
252545,"San Mateo County, CA, USA","California, USA",United States,"37.4955696, -122.496687",beach,11/23/2022,,1,0,1,0.702,2.6,0,0,0,0,0,0,2,0,0,0,2,1,0,5,0,0,0,0,0,0,0,0,0,0,0,0,0,0,0,0,0,0,0,0,0,0,0,0,0,0,0,0,0,0,0,0,0,0,0,0,0,0,0,0,0,4,0,0,14
252792,"San Mateo County, CA, USA","California, USA",United States,"37.4955696, -122.496687",beach,11/27/2022,,1,0,1,1.2,3.1,0,0,0,0,0,1,2,0,0,0,1,1,0,5,0,0,0,0,0,0,0,0,0,0,0,0,0,0,0,0,1,0,0,0,0,0,0,0,0,0,0,0,0,0,0,0,0,0,0,0,0,0,0,0,0,8,0,0,19
251277,"San Mateo County, CA, USA","California, USA",United States,"37.51251387226, -122.44958647026",beach,11/5/2022,Carey 3 4 Motiwala,1,0,1,2.0,0.0,0,0,20,0,0,7,0,0,0,0,4,0,0,0,0,0,0,0,0,0,0,0,0,0,0,0,0,0,0,0,0,0,0,0,0,0,0,0,0,0,0,0,0,0,0,0,0,0,0,0,0,0,0,0,0,0,0,0,31
251279,"San Mateo County, CA, USA","California, USA",United States,"37.51251387226, -122.44958647026",beach,11/6/2022,Carey 3 4 Motiwala,1,0,1,0.5,0.0,0,0,0,0,0,0,0,0,0,0,0,0,0,0,0,0,0,0,0,0,0,0,0,0,0,0,0,0,0,0,0,0,0,0,0,0,0,0,0,0,0,0,0,0,0,0,0,0,0,0,0,0,0,0,0,0,0,0,0
251370,"San Mateo County, CA, USA","California, USA",United States,"37.53149091, -122.2860507",beach,11/9/2022,Meadows,1,0,1,0.196,0.638001,0,126,0,0,0,0,0,0,0,0,0,0,0,0,0,0,0,7,0,0,0,0,0,0,0,0,0,0,0,0,0,0,0,0,0,0,0,0,0,0,0,0,0,0,0,0,0,0,0,0,0,0,0,0,0,0,0,0,133
250755,"San Mateo County, CA, USA","California, USA",United States,"37.53154104, -122.28620884",beach,11/2/2022,Meadows,1,0,1,0.732,0.436749,0,122,0,0,0,0,0,0,0,0,0,0,0,0,0,0,0,0,0,0,0,0,0,0,0,0,0,0,0,0,0,0,0,0,0,0,0,0,0,0,0,0,0,0,0,0,0,0,0,0,0,0,0,0,0,0,0,0,122
251982,"San Mateo County, CA, USA","California, USA",United States,"37.53156211, -122.28587744",beach,11/16/2022,Meadows,1,0,1,0.011,0.438047,0,162,0,0,0,0,0,0,0,0,0,0,0,0,0,0,0,0,0,0,0,0,0,0,0,0,0,0,0,0,1,0,0,0,0,0,0,0,0,0,0,0,0,0,0,0,0,0,0,0,0,0,0,0,0,0,0,0,163
252964,"San Mateo County, CA, USA","California, USA",United States,"37.53178435, -122.28138874",beach,11/30/2022,Meadows,1,0,1,0.738,0.500285,0,123,0,0,0,0,0,0,0,0,0,0,0,0,0,0,0,0,0,0,0,0,0,0,0,0,0,0,0,0,0,0,0,0,0,0,0,0,0,0,0,0,0,0,0,0,0,0,0,0,0,0,0,0,0,0,0,0,123
251324,"San Mateo County, CA, USA","California, USA",United States,"37.579510633689, -122.36030372801",beach,11/8/2022,Carey 1Z,1,0,1,0.061,0.0,0,0,1,0,0,0,0,0,0,0,0,0,0,2,0,0,0,0,0,0,0,0,0,0,0,0,0,0,0,0,0,0,0,0,0,0,0,0,0,0,0,0,0,0,0,0,0,0,0,0,0,0,0,0,0,0,0,0,3
251325,"San Mateo County, CA, USA","California, USA",United States,"37.579607008999, -122.36018967501",beach,11/8/2022,Carey 4K,1,0,1,6.0,0.0,3,0,0,0,0,0,0,0,0,0,0,0,0,0,0,0,0,0,0,0,0,0,0,0,0,0,0,0,0,0,0,0,0,0,0,0,0,0,0,0,0,0,0,0,0,0,0,0,0,0,0,0,0,0,0,0,0,0,0
251176,"San Mateo County, CA, USA","California, USA",United States,"37.580699608696, -122.47571376164",beach,11/6/2022,,1,0,1,0.502,0.0,0,8,8,0,0,0,0,0,2,0,2,0,0,2,2,0,0,1,5,0,0,0,0,0,0,0,0,0,0,0,0,0,0,0,0,0,0,0,0,0,0,0,0,0,0,0,0,0,0,0,0,0,0,0,0,0,0,0,30
251177,"San Mateo County, CA, USA","California, USA",United States,"37.580839949671, -122.47559970532",beach,11/6/2022,,1,0,1,0.502,1.112702,0,8,8,0,0,0,0,0,2,0,2,0,0,2,2,0,0,1,5,0,0,0,0,0,0,0,0,0,0,0,0,0,0,0,0,0,0,0,0,0,0,0,0,0,0,0,0,0,0,0,0,0,0,0,0,0,0,0,30
251776,"San Mateo County, CA, USA","California, USA",United States,"37.581265254145, -122.47862242497",beach,11/13/2022,,1,0,1,12.688,0.010448,0,20,11,4,0,2,1,4,3,0,4,0,0,0,7,1,0,3,0,0,0,0,0,0,0,0,0,0,0,0,3,0,0,0,0,0,0,0,1,0,0,0,0,1,0,0,0,0,0,0,0,4,0,0,0,6,25,0,139
251803,"San Mateo County, CA, USA","California, USA",United States,"37.5854761, -122.4968827",beach,11/14/2022,Pacifica beach coaltion TN APES,1,0,1,1.3,2.12,0,0,0,0,0,0,0,0,0,0,0,0,0,0,0,0,0,0,0,0,0,0,0,0,0,0,0,0,0,0,0,0,0,0,0,0,0,0,0,0,0,0,0,0,0,0,0,0,0,0,0,0,0,0,0,0,0,0,0
251805,"San Mateo County, CA, USA","California, USA",United States,"37.5854761, -122.4968827",beach,11/14/2022,Pacifica beach coaltion TN APES,1,0,1,2.2,2.14,0,24,8,0,0,2,4,2,4,1,1,3,1,0,2,0,6,0,2,0,0,0,0,0,0,0,0,0,2,0,7,0,0,0,0,0,1,0,0,0,0,0,0,0,0,0,0,0,0,0,0,3,0,0,0,0,0,2,75
251872,"San Mateo County, CA, USA","California, USA",United States,"37.5866517, -122.4917886",beach,11/15/2022,PACIFIC BEACH COALITION TN APES,1,0,1,0.69,0.0,0,0,6,0,1,4,2,0,3,2,1,0,1,0,3,0,0,0,0,0,0,0,0,0,1,0,0,1,0,0,0,0,0,0,0,0,0,0,0,0,0,0,0,0,0,0,0,0,0,0,0,0,0,0,0,0,0,0,25
251875,"San Mateo County, CA, USA","California, USA",United States,"37.5868232, -122.472398",beach,11/15/2022,Step Up,1,0,1,1.035,0.0,0,7,20,1,0,0,0,0,0,3,5,0,0,2,2,0,0,0,3,0,0,0,0,0,0,0,0,0,0,0,0,0,0,0,0,0,0,0,0,0,0,0,0,0,0,0,0,0,0,0,0,0,0,0,0,0,0,0,43
251391,"San Mateo County, CA, USA","California, USA",United States,"37.587741317521, -122.48640704102",beach,11/10/2022,pacifica beach coalition TN APES,2,0,2,8.4,1.2,0,16,9,0,0,1,0,1,0,5,4,2,1,1,3,0,0,4,0,0,0,0,0,0,0,0,0,0,2,0,4,0,0,0,0,0,5,6,1,0,0,1,0,3,0,0,0,0,0,0,0,5,0,0,0,18,6,1,106
251510,"San Mateo County, CA, USA","California, USA",United States,"37.5878975, -122.4784096",beach,11/12/2022,,2,0,2,0.9,0.0,0,1,20,1,0,0,2,0,1,0,3,0,1,0,1,0,0,1,1,0,0,0,0,0,0,0,0,0,0,0,1,0,0,0,0,0,0,0,0,0,0,0,0,0,0,0,0,0,0,0,0,0,0,0,0,0,0,0,33
251860,"San Mateo County, CA, USA","California, USA",United States,"37.5884159, -122.4939937",beach,11/15/2022,aine,1,0,1,1.768,0.0,0,0,8,0,0,3,0,2,1,2,0,2,0,0,5,1,1,0,0,0,0,0,0,0,0,0,0,0,0,0,0,0,1,0,0,0,0,0,0,0,0,0,0,0,0,0,0,0,0,0,0,0,0,0,0,0,2,0,28
251371,"San Mateo County, CA, USA","California, USA",United States,"37.588842005458, -122.46829925425",beach,11/9/2022,PBC,1,0,1,2.0,0.0,1,0,0,0,0,0,0,0,0,0,0,0,0,0,0,0,0,0,0,0,0,0,0,0,0,0,0,0,0,0,0,0,0,0,0,0,0,0,0,0,0,0,0,0,0,0,0,0,0,0,0,0,0,0,0,0,0,0,0
252799,"San Mateo County, CA, USA","California, USA",United States,"37.592733428042, -122.47864537241",beach,11/28/2022,pacifica beach coalition,1,0,1,1.449,0.0,0,52,2,0,0,0,1,1,0,1,1,0,8,1,2,1,0,1,1,0,0,0,0,0,0,0,0,0,0,0,0,0,0,0,0,0,0,0,0,0,0,0,0,0,0,0,0,0,0,0,0,1,0,0,0,0,0,0,79
251141,"San Mateo County, CA, USA","California, USA",United States,"37.593620601172, -122.48796365082",beach,11/6/2022,,2,0,2,22.838,0.0,0,0,0,0,0,0,0,0,0,0,12,42,10,12,12,0,0,0,0,0,0,0,0,0,0,0,0,0,0,0,0,0,0,0,0,0,0,0,0,0,0,0,0,0,0,0,0,0,0,0,0,0,0,0,0,0,0,0,88
251143,"San Mateo County, CA, USA","California, USA",United States,"37.593620601172, -122.48796365082",beach,11/6/2022,,2,0,2,0.01,0.0,0,0,0,0,0,0,0,0,0,0,0,0,0,0,0,0,0,0,0,0,0,0,0,0,0,0,0,0,0,0,0,0,0,0,0,0,0,0,0,0,0,0,0,0,0,0,0,0,0,0,0,0,0,0,0,0,0,0,0
251916,"San Mateo County, CA, USA","California, USA",United States,"37.594572823071, -122.47583258161",beach,11/16/2022,,1,0,1,3.628,0.915429,0,0,37,0,0,2,0,3,4,16,1,2,1,0,6,0,0,0,0,0,0,0,0,0,0,0,0,0,3,0,10,0,2,0,0,0,0,4,0,0,0,0,0,0,0,0,0,0,0,0,0,4,0,0,0,0,5,0,100
251869,"San Mateo County, CA, USA","California, USA",United States,"37.594691426527, -122.47663644804",beach,11/15/2022,,2,0,2,275.502,4.44513,0,8,4,1,0,1,0,0,4,1,0,0,0,2,12,3,0,0,0,0,0,0,0,0,0,0,0,2,4,0,0,2,0,0,0,0,3,1,4,0,0,1,0,1,0,0,0,0,0,0,0,0,0,0,0,6,38,0,112
250840,"San Mateo County, CA, USA","California, USA",United States,"37.595072858543, -122.50637344063",underwater,11/3/2022,beach bums,2,0,2,100.0,0.0,0,0,0,0,0,0,0,0,0,0,0,0,0,0,0,0,0,0,0,0,0,0,0,0,0,0,0,0,0,0,0,0,0,0,0,0,0,0,0,0,0,0,0,0,0,0,0,0,0,0,0,0,0,0,0,0,0,0,0
251448,"San Mateo County, CA, USA","California, USA",United States,"37.595098542522, -122.50605997303",beach,11/11/2022,PBC,1,0,1,7.5,0.0,1,0,0,0,0,0,0,0,0,0,0,0,0,0,0,0,0,0,0,0,0,0,0,0,0,0,0,0,0,0,0,0,0,0,0,0,0,0,0,0,0,0,0,0,0,0,0,0,0,0,0,0,0,0,0,0,0,0,0
251851,"San Mateo County, CA, USA","California, USA",United States,"37.59553316853, -122.476131584",beach,11/14/2022,Coastal Clean Up,15,0,15,22.5,0.0,2,0,0,0,0,0,0,0,0,0,0,0,0,0,0,0,0,0,0,0,0,0,0,0,0,0,0,0,0,0,0,0,0,0,0,0,0,0,0,0,0,0,0,0,0,0,0,0,0,0,0,0,0,0,0,0,0,0,0
251840,"San Mateo County, CA, USA","California, USA",United States,"37.595587320901, -122.47738394775",beach,11/14/2022,Pacific Beach Coalition TN APES,3,0,3,1.186,4.0,0,4000,0,0,0,0,0,0,0,0,0,0,0,0,0,0,0,0,0,0,0,0,0,0,0,0,0,0,0,0,0,0,0,0,0,0,30,0,0,0,0,0,0,0,0,0,0,0,0,0,0,0,0,0,0,0,0,0,4030
251850,"San Mateo County, CA, USA","California, USA",United States,"37.595754103636, -122.47655725557",beach,11/14/2022,Pacific Beach Coalition TN APES,2,0,2,1.1,1.4,0,0,8,0,0,3,0,2,3,0,3,1,2,1,0,0,1,0,0,0,0,0,0,0,0,0,0,0,0,0,0,0,0,0,0,0,0,0,0,0,0,0,0,0,0,0,0,0,0,0,0,4,0,0,0,0,0,0,28
251806,"San Mateo County, CA, USA","California, USA",United States,"37.595976432526, -122.51112039826",beach,11/13/2022,,2,0,2,4.435,0.004147,0,3,4,0,0,1,1,1,3,0,0,1,3,0,3,0,0,3,0,0,0,0,0,0,1,0,0,0,6,0,4,0,0,0,0,0,0,5,0,0,0,0,0,0,0,0,0,0,0,0,0,0,0,0,0,20,2,0,81
251059,"San Mateo County, CA, USA","California, USA",United States,"37.596032732684, -122.50555839466",beach,11/5/2022,beach bums,2,0,2,1.1,0.5,0,0,0,0,0,3,2,0,1,1,3,1,1,5,3,0,2,0,2,0,0,0,0,0,0,0,0,0,0,0,13,0,0,0,0,0,0,0,0,0,0,0,0,0,0,0,0,0,0,0,0,0,0,0,0,0,0,0,37
250909,"San Mateo County, CA, USA","California, USA",United States,"37.59824212, -122.50205694",beach,11/4/2022,Pacific Beach Coalition - Terri Brown,1,0,1,26.1,3.226239,0,0,4,1,0,5,4,3,2,2,2,1,2,0,13,0,0,2,6,0,0,0,0,0,0,0,0,0,5,0,0,0,0,0,0,0,0,0,6,0,0,0,0,1,0,0,0,0,0,0,0,0,0,0,0,9,2,0,135
252962,"San Mateo County, CA, USA","California, USA",United States,"37.60380395627, -122.4989273672",beach,11/30/2022,Pacific Beach Coalition - Terri Brown,1,0,1,8.927,3.754928,0,175,8,0,2,2,3,5,7,4,2,1,0,1,12,0,2,2,3,0,0,0,0,0,0,0,0,0,4,0,0,0,0,0,0,0,0,0,0,0,0,0,0,1,0,0,0,0,0,0,0,1,0,0,0,7,0,2,300
251695,"San Mateo County, CA, USA","California, USA",United States,"37.6044189, -122.4877642",beach,11/12/2022,,2,0,2,15.0,0.0,2,0,0,0,0,0,0,0,0,0,0,0,0,0,0,0,0,0,0,0,0,0,0,0,0,0,0,0,0,0,0,0,0,0,0,0,0,0,0,0,0,0,0,0,0,0,0,0,0,0,0,0,0,0,0,0,0,0,0
251696,"San Mateo County, CA, USA","California, USA",United States,"37.6324357, -122.494697",beach,11/12/2022,,2,0,2,2.0,0.0,1,0,0,0,0,0,0,0,0,0,0,0,0,0,0,0,0,0,0,0,0,0,0,0,0,0,0,0,0,0,0,0,0,0,0,0,0,0,0,0,0,0,0,0,0,0,0,0,0,0,0,0,0,0,0,0,0,0,0
250823,"San Mateo County, CA, USA","California, USA",United States,"37.63696573, -122.48926358",beach,11/3/2022,Pacific Beach Coalition - Terri Brown,1,0,1,43.625,0.0,0,0,12,1,0,6,4,6,5,4,6,5,4,1,4,2,0,7,1,0,0,0,0,0,0,0,2,0,5,0,0,0,0,0,0,0,0,0,9,0,0,0,0,2,2,0,0,0,0,0,0,1,0,0,0,13,0,1,203
251874,"San Mateo County, CA, USA","California, USA",United States,"37.646730870477, -122.48824297399",beach,11/15/2022,,1,0,1,2.0,0.0,1,0,0,0,0,0,0,0,0,0,0,0,0,0,0,0,0,0,0,0,0,0,0,0,0,0,0,0,0,0,0,0,0,0,0,0,0,0,0,0,0,0,0,0,0,0,0,0,0,0,0,0,0,0,0,0,0,0,0
252280,"San Mateo County, CA, USA","California, USA",United States,"37.647351075192, -122.4880019589",beach,11/19/2022,Pacific Beach Coalition,1,0,1,1.964,0.218451,0,57,14,0,0,6,0,3,0,1,4,2,1,2,5,0,0,2,0,0,0,0,0,0,0,0,0,0,1,0,0,0,0,0,0,0,0,0,0,0,0,0,0,0,0,0,0,0,0,0,0,4,0,0,0,14,0,0,116
252987,"San Mateo County, CA, USA","California, USA",United States,"37.648341019517, -122.48710304649",beach,11/30/2022,Pacific Beach Coalition - Terri Brown,1,0,1,0.03,0.0,0,486,0,0,0,0,0,0,0,0,0,0,0,0,0,0,0,0,0,0,0,0,0,0,0,0,0,0,0,0,0,0,0,0,0,0,0,0,0,0,0,0,0,0,0,0,0,0,0,0,0,0,0,0,0,0,0,0,486
252784,"San Mateo County, CA, USA","California, USA",United States,"37.648342411669, -122.48708362021",beach,11/27/2022,Pacific Beach Coalition - Terri Brown,1,0,1,31.609,0.0,0,228,8,1,1,5,2,8,4,2,2,0,2,0,3,2,0,10,5,0,0,0,0,0,0,0,0,2,2,0,0,0,0,0,0,0,0,0,7,0,0,0,0,2,0,0,0,0,0,0,0,3,0,0,0,6,0,3,393
250912,"San Mateo County, CA, USA","California, USA",United States,"37.6483535, -122.48706692",beach,11/4/2022,Pacific Beach Coalition - Terri Brown,1,0,1,0.038,0.0,0,648,0,0,0,0,0,0,0,0,0,0,0,0,0,0,0,0,0,0,0,0,0,0,0,0,0,0,0,0,0,0,0,0,0,0,0,0,0,0,0,0,0,0,0,0,0,0,0,0,0,0,0,0,0,0,0,0,648
251859,"San Mateo County, CA, USA","California, USA",United States,"37.648433975937, -122.47411299196",beach,11/15/2022,Emmy,1,0,1,4.723,0.008276,0,6,14,0,0,0,0,1,1,0,0,0,0,2,8,0,0,1,1,0,0,0,0,0,0,0,0,0,0,0,0,0,0,0,0,0,0,0,0,0,0,0,0,0,0,0,0,0,0,0,0,3,0,0,0,0,16,0,68
250739,"San Mateo County, CA, USA","California, USA",United States,"37.648762038528, -122.48909848438",beach,11/2/2022,PBC jason mcarthur ocean class,22,0,22,0.252,0.0,0,42,0,0,0,0,0,0,0,0,0,0,0,0,0,0,0,0,0,0,0,0,0,0,0,0,0,0,0,0,0,0,0,0,0,0,0,0,0,0,0,0,0,0,0,0,0,0,0,0,0,0,0,0,0,0,0,0,42
252979,"San Mateo County, CA, USA","California, USA",United States,"37.64903211102, -122.49044519016",beach,11/30/2022,Pacific Beach Coalition - Terri Brown,1,0,1,58.748,0.147569,0,0,8,0,0,6,3,7,9,2,16,4,8,0,0,3,3,7,14,0,0,0,0,0,0,0,0,1,8,0,1,0,0,0,0,0,0,0,13,0,0,1,0,0,0,0,0,0,0,0,0,13,0,0,0,26,0,6,306
252376,"San Mateo County, CA, USA","California, USA",United States,"37.649843554199, -122.49110992142",beach,11/21/2022,PBC Esplanade Beach,1,0,1,8.986,0.154092,0,0,3,0,0,0,0,4,0,0,3,0,0,0,0,1,0,5,2,0,0,1,0,0,0,0,1,0,0,0,0,0,0,0,0,0,0,2,0,0,0,0,0,0,0,0,0,0,0,0,0,5,0,0,0,0,0,0,27
252887,"San Mateo County, CA, USA","California, USA",United States,"37.650050809883, -122.49065781357",beach,11/29/2022,PBC jason mcarthur ocean class,14,0,14,0.098,0.0,0,55,0,0,0,0,0,2,1,0,1,0,1,0,0,0,0,0,0,0,0,0,0,0,0,0,0,0,0,0,0,0,0,0,0,0,0,0,0,0,0,0,0,0,0,0,0,0,0,0,0,0,0,0,0,0,0,0,60
252706,"San Mateo County, CA, USA","California, USA",United States,"37.650233351968, -122.49105092756",beach,11/25/2022,PBC Esplanade Beach,1,0,1,0.323,0.0,0,0,3,0,0,1,1,3,1,0,1,0,0,1,0,0,0,0,4,0,0,0,0,0,0,0,0,0,0,0,0,0,1,0,0,0,0,1,0,0,0,0,0,0,0,0,0,0,0,0,0,0,0,0,0,0,0,0,17
251836,"San Mateo County, CA, USA","California, USA",United States,"37.650462398415, -122.48969542707",beach,11/14/2022,PBC jason mcarthur ocean class,22,0,22,0.21,0.0,0,35,0,0,0,0,0,0,0,0,0,0,0,0,0,0,0,0,0,0,0,0,0,0,0,0,0,0,0,0,0,0,0,0,0,0,0,0,0,0,0,0,0,0,0,0,0,0,0,0,0,0,0,0,0,0,0,0,35
252820,"San Mateo County, CA, USA","California, USA",United States,"37.650474604842, -122.48964390084",beach,11/28/2022,PBC jason mcarthur ocean class,22,0,22,2.524,0.0,0,92,0,0,0,0,0,0,2,0,0,0,0,0,0,0,0,0,0,0,0,0,0,0,0,0,2,0,0,0,0,0,0,0,0,0,0,0,0,0,0,0,0,0,0,0,0,0,0,0,0,2,0,0,0,0,0,0,98
251890,"San Mateo County, CA, USA","California, USA",United States,"37.650487325133, -122.48972109753",beach,11/15/2022,PBC jason mcarthur ocean class,22,0,22,0.133,0.0,0,105,0,0,1,0,0,1,1,0,1,0,0,1,0,0,0,0,0,0,0,0,0,0,0,0,0,0,0,0,0,0,0,0,0,0,0,0,0,0,0,0,0,0,0,0,0,0,0,0,0,0,0,0,0,0,0,0,110
252493,"San Mateo County, CA, USA","California, USA",United States,"37.650849926656, -122.49264563089",beach,11/23/2022,PBC Esplanade Beach,1,0,1,7.444,0.062911,0,0,2,0,0,1,0,4,0,0,0,0,0,1,0,2,0,3,4,0,0,1,0,0,0,0,0,0,0,0,0,0,0,0,0,0,0,0,0,0,0,0,0,0,0,0,0,0,0,0,0,3,0,0,0,0,0,0,21
252786,"San Mateo County, CA, USA","California, USA",United States,"37.652983926272, -122.49255283747",beach,11/27/2022,Derick,1,0,1,0.505,0.0,0,0,1,2,1,1,0,0,0,0,0,0,0,2,4,0,0,0,0,0,0,0,0,0,0,0,0,0,0,0,0,0,0,0,0,0,0,2,0,0,0,0,0,0,0,0,0,0,0,0,0,0,0,0,0,1,0,0,14
252876,"San Mateo County, CA, USA","California, USA",United States,"37.653025771989, -122.49287975902",beach,11/28/2022,PBC Esplanade Beach,1,0,1,0.512,0.062735,0,0,4,0,0,0,0,1,0,0,1,0,0,2,0,1,0,1,0,0,0,0,0,0,0,0,0,0,0,0,0,0,0,0,0,0,1,0,0,0,0,0,0,0,0,0,0,0,0,0,0,2,0,0,0,0,0,0,14
252701,"San Mateo County, CA, USA","California, USA",United States,"37.667376950957, -122.49481745647",beach,11/26/2022,Pacific Beach Coalition - Summit Shasta High School Environment Club,9,0,9,8.0,0.1,0,14,0,0,0,0,3,0,0,0,5,2,3,2,3,1,0,0,1,0,0,0,0,0,0,0,0,0,2,0,0,0,0,0,0,0,0,0,0,0,0,0,0,0,0,0,0,0,0,1,0,1,0,0,0,14,0,0,98
251849,"San Mateo County, CA, USA","California, USA",United States,"37.683228543761, -122.40223347073",beach,11/14/2022,Pacifica Beach Coalition TN APES,1,0,1,1.3,1.2,0,1,6,1,2,1,1,1,1,2,3,1,3,1,1,0,2,2,2,0,0,0,0,0,0,0,0,0,0,0,2,0,0,0,0,0,0,0,0,0,0,0,0,0,0,0,0,0,0,0,0,11,0,0,0,0,0,1,45
251808,"San Francisco County, CA, USA","California, USA",United States,"37.717261849938, -122.40518096846",beach,11/14/2022,B.rock,1,0,1,6.0,0.0,3,0,0,0,0,0,0,0,0,0,0,0,0,0,0,0,0,0,0,0,0,0,0,0,0,0,0,0,0,0,0,0,0,0,0,0,0,0,0,0,0,0,0,0,0,0,0,0,0,0,0,0,0,0,0,0,0,0,0
252795,"San Francisco County, San Francisco, CA, USA","California, USA",United States,"37.7598901, -122.49000448",beach,11/27/2022,pacific beach coalition,1,0,1,1.794,0.0,0,7,6,0,5,0,5,2,5,2,5,0,5,3,1,0,0,0,0,0,0,0,0,0,1,0,0,0,0,0,2,0,0,0,0,0,0,1,0,0,0,0,0,0,0,0,0,0,0,0,0,5,0,0,0,0,5,0,60
252790,"San Francisco County, San Francisco, CA, USA","California, USA",United States,"37.75989042, -122.49000434",beach,11/27/2022,pacific beach coalition,1,0,1,2.0,0.0,1,0,0,0,0,0,0,0,0,0,0,0,0,0,0,0,0,0,0,0,0,0,0,0,0,0,0,0,0,0,0,0,0,0,0,0,0,0,0,0,0,0,0,0,0,0,0,0,0,0,0,0,0,0,0,0,0,0,0
251895,"San Francisco County, CA, USA","California, USA",United States,"37.764385321527, -122.48831654097",beach,11/15/2022,Pacific Beach Coalition,3,0,3,7.5,0.0,1,0,0,0,0,0,0,0,0,0,0,0,0,0,0,0,0,0,0,0,0,0,0,0,0,0,0,0,0,0,0,0,0,0,0,0,0,0,0,0,0,0,0,0,0,0,0,0,0,0,0,0,0,0,0,0,0,0,0
252298,"San Francisco County, CA, USA","California, USA",United States,"37.764396782936, -122.4881218182",beach,11/19/2022,Pacific Beach Coalition,2,0,2,4.852,0.0,0,0,21,3,3,0,3,2,5,4,4,1,5,3,1,0,0,4,9,0,0,0,0,0,0,0,0,0,0,0,2,0,0,0,0,0,0,0,0,0,0,0,0,5,0,0,0,0,0,0,0,0,0,0,0,0,1,0,82
252391,"San Francisco County, CA, USA","California, USA",United States,"37.764419610034, -122.48821822269",beach,11/21/2022,Pacific Beach Coalition,2,0,2,6.003,0.687293,0,6,24,9,0,3,1,2,3,1,11,2,12,2,4,0,1,3,8,0,0,0,0,0,0,0,0,0,1,0,0,0,0,0,0,0,2,0,0,0,0,2,0,4,0,0,0,0,0,0,0,0,0,0,0,0,0,0,102
252724,"Contra Costa County, CA, USA","California, USA",United States,"37.96901397, -121.99864568",beach,11/26/2022,Pacific Beach Coalition,1,0,1,15.95912,0.0,0,5,10,4,3,4,5,4,6,6,21,1,12,4,2,4,0,4,4,0,0,1,0,0,0,0,0,1,4,0,5,0,0,0,0,0,0,2,1,0,0,0,0,0,1,0,0,0,0,0,0,2,0,0,0,23,2,0,159
