"Cleanup ID",Zone,State,Country,GPS,"Cleanup Type",Environment,"Cleanup Date","Group Name",Adults,Children,People,Pounds,Miles,"# of bags","Grocery bags (plastic)","Other bags (plastic)","Beverage bottles (glass)","Beverage bottles (plastic)","Beverage cans","Beverage sachets/pouches","Bottle caps (metal)","Bottle caps (plastic)","Cigarette butts","Cups, Plates (foam)","Cups, Plates (paper)","Cups, Plates (plastic)","Food containers (foam)","Food containers (plastic)","Food wrappers (candy, chips, etc.)","Lids (plastic)","Straws/stirrers (plastic)","Utensils (plastic)","Lines, nets, traps, ropes, etc.","Foam dock pieces","Appliances (refrigerators, washers, etc.)","Construction materials",Tires,"6-Pack holders","Foam packaging","Other plastic bottles (oil, bleach, etc.)","Strapping bands",Balloons,Clothing,E-cigarettes,"Electronic waste (phones, batteries)","Footwear (shoes/slippers)","Paper bags","Tobacco products (lighters, cigar tips, wrap)",Toys,"Other plastic waste","Other waste (metal, paper, etc.)",Condoms,"Cotton bud sticks (swabs)",Diapers,"Gloves & masks (PPE)",Syringes,"Tampons & applicators","Plastic/foam pieces","Fishing buoys, pots & traps","Fishing net & pieces","Fishing line (1 yard/meter = 1 piece)","Rope (1 yard/meter = 1 piece)","Fishing gear (Clean Swell)","Other plastic/foam packaging","Tobacco packaging/wrap","Other packaging (Clean Swell)","Cigar tips","Cigarette lighters",Fireworks,"Other trash (Clean Swell)","Other tobacco (packaging, lighter, etc.)","Personal hygiene (Clean Swell)","Foam pieces","Glass pieces","Plastic pieces","Total Items Collected"
256487,"Sonoma County, CA, USA","California, USA","United States","38.7634597, -123.5167139",land,,2023-01-01,,1,,1,2,0,1,,,,,,,,,,,,,,,,,,,,,,,,,,,,,,,,,,,,,,,,,,,,,,,,,,,,,,,,,,,,,,
256489,"Mendocino County, CA, USA","California, USA","United States","38.908798, -123.6930726",land,,2023-01-01,,1,,1,7.5,0,1,,,,,,,,,,,,,,,,,,,,,,,,,,,,,,,,,,,,,,,,,,,,,,,,,,,,,,,,,,,,,,
256490,"Mendocino County, CA, USA","California, USA","United States","38.908798, -123.6930726",land,,2023-01-01,,1,,1,2,0,1,,,,,,,,,,,,,,,,,,,,,,,,,,,,,,,,,,,,,,,,,,,,,,,,,,,,,,,,,,,,,,
256491,"Mendocino County, CA, USA","California, USA","United States","38.789633, -123.561122",land,,2023-01-01,,1,,1,2,0,1,,,,,,,,,,,,,,,,,,,,,,,,,,,,,,,,,,,,,,,,,,,,,,,,,,,,,,,,,,,,,,
256492,"Sonoma County, CA, USA","California, USA","United States","38.3120615, -123.0520385",land,,2023-01-01,,1,,1,7.5,0,1,,,,,,,,,,,,,,,,,,,,,,,,,,,,,,,,,,,,,,,,,,,,,,,,,,,,,,,,,,,,,,
256493,"Sonoma County, CA, USA","California, USA","United States","38.3818001, -123.0817291",land,,2023-01-01,,1,,1,7.5,0,1,,,,,,,,,,,,,,,,,,,,,,,,,,,,,,,,,,,,,,,,,,,,,,,,,,,,,,,,,,,,,,
256494,"Sonoma County, CA, USA","California, USA","United States","38.3818001, -123.0817291",land,,2023-01-01,,1,,1,2,0,1,,,,,,,,,,,,,,,,,,,,,,,,,,,,,,,,,,,,,,,,,,,,,,,,,,,,,,,,,,,,,,
256495,"Los Angeles County, CA, USA","California, USA","United States","34.129576239604, -118.41604724546",land,,2023-01-01,,1,,1,1.829,0,,3,,1,3,2,1,8,7,,1,1,,,,1,1,3,2,,,,,,,,,,,,,8,,,,,,,,,,1,,,7,,,,,,,,,,,,,,,,,,50
256533,"San Mateo County, CA, USA","California, USA","United States","37.653410186497, -122.49299008177",land,,2023-01-01,"PBC Esplanade Beach",1,,1,4.494,0.18768779099232,,1,,,2,1,,,1,,,,4,,,5,3,3,,,,,1,,,5,,,,,,,1,,,1,,,,,,,1,,12,,,,,,,,,,,,,,,,,,41
256537,"San Mateo County, CA, USA","California, USA","United States","37.610960435506, -122.49605008967",land,,2023-01-01,"Pacific Beach Coalition - Terri Brown",1,,1,21.37,0.7843670882605,,,25,3,6,6,,2,5,,3,1,8,,2,8,6,5,,,,,,,,,,,1,3,,2,,,13,,,117,,1,,4,1,,15,,,,,,,,,,,,,,,,,,237
256539,"San Francisco County, San Francisco, CA, USA","California, USA","United States","37.7599566, -122.48990607",land,,2023-01-01,"pacific beach coalition",1,,1,5.059,0,,2,5,,6,7,2,,2,2,3,,2,5,5,9,6,4,5,,,,,,,,,3,,,,,,,,6,,2,,,,,,,,,,,,,,,,,,,,,,,,,76
256561,"San Mateo County, CA, USA","California, USA","United States","37.48293858025, -122.45214787323",land,,2023-01-01,"Rotary HMB",7,,7,31.7,1.2,,3,34,32,7,6,7,12,7,54,9,5,11,4,5,20,5,5,3,,3,,,,,7,4,4,,3,,,1,,,5,14,8,,,,6,,,38,,,,,,,,,,,,,,,,,,322
256567,"San Francisco County, San Francisco, CA, USA","California, USA","United States","37.7593921, -122.510734",land,,2023-01-02,"RGA NYD2023",34,,34,450,0,40,,,,,,,,,,,,,,,,,,,,,,,,,,,,,,,,,,,,,,,,,,,,,,,,,,,,,,,,,,,,,,
256568,"Mendocino County, CA, USA","California, USA","United States","39.4198, -123.8017",land,,2023-01-01,"Noyo Center for Marine Science",2,,2,1.5,0,,,,,1,,,3,,,,,,,,,,2,,,,,,,,,,,,,,,,,,,,5,,,,,,,,,,,,3,,,,,,,,,,,,,14
256596,"Mendocino County, CA, USA","California, USA","United States","39.3325257, -123.8061091",land,,2023-01-02,"Noyo Center",1,,1,0.882,0,,,4,,,2,6,,,,2,,,1,,2,2,,,,,,,,,2,,,,1,,,,,,,,,,,,,,,4,,,,,,,,,,,,,,,,,,26
256598,"Ventura County, CA, USA","California, USA","United States","34.1975048, -119.1770516",land,,2023-01-02,,1,,1,22.5,0,3,,,,,,,,,,,,,,,,,,,,,,,,,,,,,,,,,,,,,,,,,,,,,,,,,,,,,,,,,,,,,,
256600,"Alameda County, CA, USA","California, USA","United States","37.567780601316, -122.02418490721",land,,2023-01-02,,2,,2,9.5,0,2,,,,,,,,,,,,,,,,,,,,,,,,,,,,,,,,,,,,,,,,,,,,,,,,,,,,,,,,,,,,,,
256603,"San Mateo County, CA, USA","California, USA","United States","37.648441421765, -122.48717294118",land,,2023-01-03,"Pacific Beach Coalition - Terri Brown",1,,1,0.022,0,,,,,,,,,,368,,,,,,,,,,,,,,,,,,,,,,,,,,,,,,,,,,,,,,,,,,,,,,,,,,,,,368
256608,"Los Angeles County, CA, USA","California, USA","United States","34.109111259973, -117.76203978044",land,,2023-01-03,"Molly Loves Trash",1,,1,0.14,0,,,,,,,,,,,,,,,,,,,,,,,,,,,,,,,,,,,,,,1,,,,,,,,,,,,,,,,,,,,,,,,,1
256612,"Alameda County, CA, USA","California, USA","United States","37.565445915082, -122.03104106634",land,,2023-01-04,,1,,1,6,0,3,,,,,,,,,,,,,,,,,,,,,,,,,,,,,,,,,,,,,,,,,,,,,,,,,,,,,,,,,,,,,,
256815,"Alameda County, CA, USA","California, USA","United States","37.732572083537, -122.15767516187",land,,2023-01-04,inafamaolek.us,3,,3,5,0,,2,,,,,,,,,1,,,1,,1,,,,,,,,,,,,,,,,,,,,,,35,,,,,,,,,,,,,,,,,,,,,,,,,40
256829,"Santa Barbara County, CA, USA","California, USA","United States","34.40359460421, -119.74328632398",land,,2023-01-05,"Explore Ecology-McKinley-Alcaraz",28,,28,1.5,0.25,,,2,,,1,,1,1,3,,2,,,,2,,,,,,,,,,1,1,1,,,,,,,,2,,,,,,,,,15,,,,,,,,,,,,,,,,,,32
256842,"Santa Barbara County, CA, USA","California, USA","United States","34.403651368382, -119.74354653287",land,,2023-01-05,"Explore Ecology - McKinley - Grande",24,,24,0.25,0.1,,,,,2,,1,,,4,,,,,1,,1,2,2,,,,,,,,,,,,,,,3,,2,,,,,,,,,16,,,,,,,,,,,,,,,,,,34
256843,"San Mateo County, CA, USA","California, USA","United States","37.592683906004, -122.47868557404",land,,2023-01-05,"pacifica beach coalition",1,,1,5.048,0,,,1,1,1,1,2,,1,12,1,,,,1,2,2,,,,,,1,,,,,,,2,,,,1,,,,6,,1,,,,,,,,,,,,,,,,,,,,,,,36
256848,"Los Angeles County, CA, USA","California, USA","United States","33.978687697122, -118.4668177833",land,,2023-01-05,,1,,1,4.068,0.25453235569291,,2,2,2,14,14,4,5,4,7,2,2,,2,2,3,2,2,3,,,,,,4,3,,,,3,,,,,,,,,,,,,,,24,,,,,,,,,,,,,,,,,,106
256864,"Los Angeles County, CA, USA","California, USA","United States","34.016729705747, -118.11620769472",land,,2023-01-06,"Pacific Beach Coalition",1,,1,13,2.2,,,8,2,4,8,9,11,6,,5,7,12,7,,20,14,12,18,,,,2,,,1,,9,,4,,,,2,3,,8,9,,,,4,,,55,,,,,,,,,,,,,,,,,,240
256867,"Los Angeles County, CA, USA","California, USA","United States","33.979271203311, -118.46710729424",land,,2023-01-06,,1,,1,21.267,8.5396290894155,,11,5,10,33,39,8,16,8,48,6,6,8,13,3,10,8,14,6,,,,,,2,1,,,1,5,,,1,2,6,16,1,,,,,18,,,59,,,,,,,,,,,,,,,,,,364
256892,"San Mateo County, CA, USA","California, USA","United States","37.650450236903, -122.48974189699",land,,2023-01-06,"PBC jason mcarthur ocean class",12,,12,0.075,0,,1,,,,,,,,24,,,2,,,,,3,,,,,,,,,,,,,,,,,,,,,,,,,,,,,,,,,,,,,,,,,,,,,30
256894,"San Mateo County, CA, USA","California, USA","United States","37.649185453663, -122.49042674463",land,,2023-01-06,"Pacific Beach Coalition - Terri Brown",1,,1,110.268,0.2841405480465,,3,3,3,7,2,,3,2,,8,,4,3,1,8,4,4,12,,,,33,,,,,3,,7,,4,,4,8,,2,110,,5,,7,,,14,,,,,,,,,,,,,,,,,,264
256932,"San Mateo County, CA, USA","California, USA","United States","37.649219840907, -122.49106600725",land,,2023-01-06,"Pacific Beach Coalition - Terri Brown",1,,1,23.197,1.7161409000738,,4,2,1,7,3,,3,6,242,4,,1,1,3,13,4,1,4,,,,4,,,,,2,,,,3,,,8,,,71,,6,,8,,,22,,,,,,,,,,,,,,,,,,423
256934,"Los Angeles County, CA, USA","California, USA","United States","34.107682891625, -117.72176939934",land,,2023-01-06,"Molly Loves Trash",1,,1,0.124,0,,,,,,,,,1,,,,,,,,,,,,,,,,,,,,,,,,,,,,1,,,,,,,,,,,,,,,,,,,,,,,,,,2
256940,"Alameda County, CA, USA","California, USA","United States","37.613757, -122.0125415",land,,2023-01-07,,3,,3,15,0,2,,,,,,,,,,,,,,,,,,,,,,,,,,,,,,,,,,,,,,,,,,,,,,,,,,,,,,,,,,,,,,
256941,"Orange County, CA, USA","California, USA","United States","33.83099, -118.03692",land,,2023-01-06,"Pacific Beach Coalition",2,,2,14.19,0.7936,,2,,2,4,9,6,1,3,31,,,6,2,7,11,3,1,2,,,,1,,,,,3,1,,,,,,,,,85,,,,2,,,14,,,,,,,,1,,,,,2,,,,,199
256953,"Monterey County, CA, USA","California, USA","United States","36.812466876581, -121.71302997507",land,,2023-01-07,,1,,1,0.032,0,,2,,,,,,,,,,,,,,,,,,,,,,,,,,,,,,,,,,,,,,,,,,,,,,,,,,,,,,,,,,,,,2
256954,"Monterey County, CA, USA","California, USA","United States","36.812368095852, -121.7129759118",land,,2023-01-07,,1,,1,2,0,1,,,,,,,,,,,,,,,,,,,,,,,,,,,,,,,,,,,,,,,,,,,,,,,,,,,,,,,,,,,,,,
256959,"Santa Cruz County, CA, USA","California, USA","United States","36.957959790773, -121.88695508034",land,,2023-01-07,"Hidden Beach to Cement Ship 1/6/23",3,,3,4,0,2,,,,,,,,,,,,,,,,,,,,,,,,,,,,,,,,,,,,,,,,,,,,,,,,,,,,,,,,,,,,,,
256961,"San Mateo County, CA, USA","California, USA","United States","37.435381133356, -122.43951515947",land,,2023-01-07,"NCL- Coastside 2028",1,,1,0.01,0.016592625909316,,,,,,,,,,,,,,,,,,,,,,,,,,,,,,,,,,,,,,,,,,,,,,,,,,,,,,,,,,,,,,,
256962,"Ventura County, CA, USA","California, USA","United States","34.089464869869, -119.0651144768",land,,2023-01-07,Snyder’s,2,,2,30.569,0.065095729412213,,,2,5,3,1,4,,15,1,,19,,,,,2,,11,3,,,2,,,10,,,,,,,,,,,,,,,,1,,,13,,,,,,,,,,,,,,,,,,92
256963,"Alameda County, CA, USA","California, USA","United States","37.730901333378, -122.1601472498",land,,2023-01-07,inafamaolek.us,2,,2,5.043,0.013580135236514,,,2,1,,,,,,,,,,1,,,,,,,,,,,,,,,,,,,,1,,,,31,,,,,,,,,,,,,,,,,,,,,,,,,36
256964,"Santa Cruz County, CA, USA","California, USA","United States","36.9602562, -122.0202064",land,,2023-01-07,RGANYD23,6,,6,37.5,0,5,,,,,,,,,,,,,,,,,,,,,,,,,,,,,,,,,,,,,,,,,,,,,,,,,,,,,,,,,,,,,,
256966,"Marin County, CA, USA","California, USA","United States","37.9871454, -122.5888686",land,,2023-01-07,RGANYD23,2,,2,37.5,0,3,,,,,,,,,,,,,,,,,,,,,,,,,,,,,,,,,,,,,,,,,,,,,,,,,,,,,,,,,,,,,,
256968,"Orange County, CA, USA","California, USA","United States","33.83091, -118.03629",land,,2023-01-07,"Pacific Beach Coalition",2,,2,13.6,0.398,,2,,1,6,7,5,,1,32,,,7,2,3,14,4,4,3,,,,,,,,,3,,,1,,,,,,,92,,,,7,,,7,,,,,,,,1,,,,,3,,,,,205
256971,"Santa Barbara County, CA, USA","California, USA","United States","34.381209695744, -119.48632819589",land,,2023-01-07,Robin,1,,1,155.733,0.00017091711885852,,,2,,,2,2,,2,,,,,1,1,1,,,,8,4,,12,3,,,,,,1,,1,2,,,1,4,,,,,,,,6,,,,,,,,,,,,,,,,,,53
256974,"Alameda County, CA, USA","California, USA","United States","37.856847234106, -122.25562870514",land,,2023-01-07,,1,,1,7.009,0,,1,4,,4,4,2,2,5,7,5,7,3,2,3,15,4,3,4,,,,,,,3,1,1,,2,,,,1,3,,10,20,,,,8,,,4,,,,,,,,,,,,,,,,,,128
256975,"Alameda County, CA, USA","California, USA","United States","37.856896331051, -122.25564851795",land,,2023-01-07,,1,,1,22.5,0,3,,,,,,,,,,,,,,,,,,,,,,,,,,,,,,,,,,,,,,,,,,,,,,,,,,,,,,,,,,,,,,
256976,"Alameda County, CA, USA","California, USA","United States","37.856896331051, -122.25564851795",land,,2023-01-07,,1,,1,22.5,0,3,,,,,,,,,,,,,,,,,,,,,,,,,,,,,,,,,,,,,,,,,,,,,,,,,,,,,,,,,,,,,,
256977,"Santa Barbara County, CA, USA","California, USA","United States","34.374036434907, -119.47865153934",land,,2023-01-07,Robin,1,,1,30.162,0,,1,2,,,1,,,,,,,,,,,,,,3,,,3,,,,,,,,,,,,,1,1,3,,,,,,,,,,,,,,,,,,,,,,,,,15
256980,"Ventura County, CA, USA","California, USA","United States","34.215132031956, -119.14918381399",land,,2023-01-08,,1,,1,20,0,3,,,,,,,,,,,,,,,,,,,,,,,,,,,,,,,,,,,,,,,,,,,,,,,,,,,,,,,,,,,,,,
256981,"San Mateo County, CA, USA","California, USA","United States","37.5460058, -122.3172819",land,,2023-01-08,,1,,1,5.3398,4.9,,2,2,10,1,2,2,,,,,,,,,,,,,,,,,,,,,,,,,,,,,,,,,,,,,,20,,,,,,,,,,,,,,,,,,39
256997,"Ventura County, CA, USA","California, USA","United States","34.40989077, -118.79418484",land,,2023-01-08,"Hill People",1,,1,11.526,0,,2,3,4,16,7,5,3,7,7,4,3,4,1,,5,6,12,4,,,,,,,,,,1,2,,,,,6,,2,47,,4,,5,,,65,,,,,,,,,,,,,,,,,,225
256999,"Orange County, CA, USA","California, USA","United States","33.84687, -118.04676",land,,2023-01-08,"Pacific Beach Coalition",2,,2,13,1.2785,,2,,1,4,9,7,,2,25,,,8,2,3,8,2,3,2,,,,1,,,,,3,2,,,,,,,,,82,,,,4,,,11,,,,,,,,1,,,,,2,,,,,184
257001,"San Francisco County, San Francisco, CA, USA","California, USA","United States","37.774021499826, -122.51064492401",land,,2023-01-09,,1,,1,15,0,1,,,,,,,,,,,,,,,,,,,,,,,,,,,,,,,,,,,,,,,,,,,,,,,,,,,,,,,,,,,,,,
257002,"San Francisco County, San Francisco, CA, USA","California, USA","United States","37.774021499826, -122.51064492401",land,,2023-01-09,,1,,1,12,0,1,,,,,,,,,,,,,,,,,,,,,,,,,,,,,,,,,,,,,,,,,,,,,,,,,,,,,,,,,,,,,,
257013,"Los Angeles County, CA, USA","California, USA","United States","34.133005365761, -118.27298811648",land,,2023-01-09,MotherEarth,1,,1,5.234,0.20396418857956,,2,3,1,1,5,4,5,10,10,1,,,,,10,1,3,1,,,,,,,,1,,,6,,,,,,,1,1,13,,,5,,,3,,,,,,,,,,,,,,,,,,87
257020,"San Bernardino County, CA, USA","California, USA","United States","34.108007138485, -117.66937904534",land,,2023-01-09,"Molly Loves Trash",1,,1,17.275,0,,,2,,4,1,,,1,,1,,1,,,,,,1,2,,,,,,,,,,,,,,,,,,21,,,,,,,,,,,,,,,,,,,,,,,,,34
257049,"Santa Cruz County, CA, USA","California, USA","United States","36.971735713225, -121.95120471836",land,,2023-01-09,,3,,3,25.1,0,,,9,1,3,,1,,3,,,,,12,1,1,,,,,,,,1,,17,,,,,,,2,,,,3,5,,,,,,,30,,,,,,,,,,,,,,,,,,89
257050,"San Diego County, CA, USA","California, USA","United States","32.796247252294, -117.22404389653",watercraft,,2023-01-09,,1,,1,0.029,0.14059623631425,,,,,,,,,,,,,,,,1,,,,,,,,,,,,,,,,,,,,,,,,,,,,,,,,,,,,,,,,,,,,,,,1
257054,"San Diego County, CA, USA","California, USA","United States","32.7955537, -117.1865773",land,,2023-01-10,,1,,1,4,0,2,,,,,,,,,,,,,,,,,,,,,,,,,,,,,,,,,,,,,,,,,,,,,,,,,,,,,,,,,,,,,,
257055,"San Diego County, CA, USA","California, USA","United States","32.7955537, -117.1865773",land,,2023-01-10,,1,,1,4,0,2,,,,,,,,,,,,,,,,,,,,,,,,,,,,,,,,,,,,,,,,,,,,,,,,,,,,,,,,,,,,,,
257059,"Alameda County, CA, USA","California, USA","United States","37.565445013068, -122.03104009274",land,,2023-01-10,,1,,1,7.5,0,1,,,,,,,,,,,,,,,,,,,,,,,,,,,,,,,,,,,,,,,,,,,,,,,,,,,,,,,,,,,,,,
257132,"Santa Cruz County, CA, USA","California, USA","United States","36.957957955466, -121.88695046776",land,,2023-01-11,"Hidden Beach to Rio del Mar 1/9/23",2,,2,7.5,0,1,,,,,,,,,,,,,,,,,,,,,,,,,,,,,,,,,,,,,,,,,,,,,,,,,,,,,,,,,,,,,,
257249,"San Diego County, CA, USA","California, USA","United States","32.794805481129, -117.22266892913",watercraft,,2023-01-11,,1,,1,0.098,0,,,,,1,,,,,,,1,,,,1,,,,,,,,,,,,,,,,,,,,,,,,,,,,,1,,,,,,,,,,,,,,,,,,4
257295,"San Luis Obispo County, CA, USA","California, USA","United States","35.118777863714, -120.62253875669",land,,2023-01-12,,1,,1,4,0,2,,,,,,,,,,,,,,,,,,,,,,,,,,,,,,,,,,,,,,,,,,,,,,,,,,,,,,,,,,,,,,
257296,"Los Angeles County, CA, USA","California, USA","United States","34.12267680376, -117.69340730243",land,,2023-01-09,"Molly Loves Trash",1,,1,0.01,0.012126407695389,,,,,,,,,,,,,,,,,,,,,,,,,,,,,,,,,,,,,,,,,,,,,,,,,,,,,,,,,,,,,,,
257298,"Los Angeles County, CA, USA","California, USA","United States","34.12635843, -117.90723452",land,,2023-01-12,"Hill People",2,,2,7.489,0.062572368276898,,2,3,,,3,4,,20,,2,5,13,2,,23,11,17,2,,,,,,,,,,,,3,2,,,6,,9,30,,1,,3,,,40,,,,,,,,,,,,,,,,,,201
257300,"San Diego County, CA, USA","California, USA","United States","32.82773904, -117.17759263",land,,2023-01-10,,1,,1,4.2,3.1,,2,1,,2,2,,3,3,35,,,1,,1,12,1,,2,,,,,,,4,,3,,,1,,1,1,,1,10,6,,2,,1,,1,30,,,,,,,,,,,,,,,,,,126
257335,"Santa Cruz County, CA, USA","California, USA","United States","36.957957955466, -121.88695046776",land,,2023-01-13,"Hidden Beach 1/12/23",2,,2,4,0,2,,,,,,,,,,,,,,,,,,,,,,,,,,,,,,,,,,,,,,,,,,,,,,,,,,,,,,,,,,,,,,
257352,"Orange County, CA, USA","California, USA","United States","33.83099, -118.03622",land,,2023-01-13,"Pacific Beach Coalition",2,,2,11.92,0.0353,,4,,1,7,8,3,1,4,31,,,7,2,2,9,5,5,2,,,,,,,,,2,,,,,,,,,,78,,,,5,,,21,,,,,,,,1,,,,,2,1,,,,201
257384,"San Diego County, CA, USA","California, USA","United States","32.84951920438, -117.27504573659",land,,2023-01-14,"Au pair TDA",3,,3,2.694,0.0011711067146668,,1,7,,1,,,1,,49,,1,,,,,,10,1,,,,,,,,,,,,,,,,,,,17,,,,4,,,29,,,,,,,,,,,,,,,,,,121
257393,"San Diego County, CA, USA","California, USA","United States","32.849901559139, -117.27374517098",land,,2023-01-14,l’oscurità,5,,5,7.496,0.15927006357618,,,3,,,1,3,,,4,,,,,,1,,,,1,,,,,,,,,,1,,,,,,,,,,,,,,,11,,,,,,,,,,,,,,,,,,25
257394,"San Diego County, CA, USA","California, USA","United States","32.84966455, -117.27440521",land,,2023-01-14,delfines,7,,7,14.932,0.29983813723693,,,1,,,,,1,4,4,3,,,,,8,1,1,,2,,,,,,,,,,,,,,1,2,,,3,,1,,4,,,,,,,,,,,,,,,,,,,,,36
257395,"San Diego County, CA, USA","California, USA","United States","32.8328112, -117.2712717",land,,2023-01-14,"Team Geil",5,,5,0.326,0,,,2,,2,2,,,,,,,1,,,2,4,,,,,,,,,,,,,,,,,,,,,,,,,,,,,,,,,,,,,,,,,,,,,,13
257396,"San Diego County, CA, USA","California, USA","United States","32.849589055435, -117.27432047959",land,,2023-01-14,,5,,5,3.089,0.062692713782541,,,11,2,,,1,2,8,19,,1,,,,10,,1,,,,,,,,,,11,,,,,,,,,,10,,,,1,,,,,,,,,,,,,,,,,,,,,77
257397,"San Diego County, CA, USA","California, USA","United States","32.84580177583, -117.27780865966",land,,2023-01-14,colombians,3,,3,0.314,0.18244995613407,,3,2,,1,,,,,12,1,,,,,4,,,1,,,,,,,,,,,,,,,,1,,,,,,,,,,,,,,,,,,,,,,,,,,,,25
257398,"San Diego County, CA, USA","California, USA","United States","32.849724989876, -117.27452052129",land,,2023-01-14,Trashy,6,,6,20.999,0.0097987012181804,,,1,3,8,2,1,6,11,45,1,10,1,,,15,2,4,2,1,,,1,,,1,1,4,,1,,3,,,,,3,51,,1,,1,,1,2,,,,,,,,,,,,,,,,,,183
257400,"San Diego County, CA, USA","California, USA","United States","32.850281666667, -117.27298666667",land,,2023-01-14,,5,,5,0.918,0,,1,,,1,,,,1,,,4,,,,,,1,,,,,,,,,,,,,,,,,,,4,2,,,,1,,,,,,,,,,,,,,,,,,,,,15
257401,"San Diego County, CA, USA","California, USA","United States","32.850293992499, -117.27335619127",land,,2023-01-14,,3,,3,1.685,0.068890012537208,,2,,,,,,1,,,,,3,,4,,,3,,,,,,,,4,,2,,1,,,,,4,,4,,,,,4,,,15,,,,,,,,,,,,,,,,,,47
257402,"San Mateo County, CA, USA","California, USA","United States","37.592704569752, -122.47869059014",land,,2023-01-14,"pacifica beach coalition",1,,1,3.17,0,,2,3,,4,4,3,,,,,,,,1,,,,,,,,,,,,,,,1,,,,,,1,2,3,,,2,2,,2,,,,,,,,,,,,,,,,,,,30
257403,"San Diego County, CA, USA","California, USA","United States","32.850919835241, -117.27338522109",land,,2023-01-14,,7,,7,1.951,0.57316478514691,,,,,,,,3,2,6,,3,5,,2,3,,6,1,,,,,,,,1,,,1,,,,,,,4,3,,1,,3,,,,,,,,,,,,,,,,,,,,,44
257406,"Los Angeles County, CA, USA","California, USA","United States","33.998730084891, -118.4850730655",land,,2023-01-14,,1,,1,7.577,0.69684529859799,,6,4,6,7,3,6,6,5,8,6,1,7,2,2,6,3,5,3,,,,,,1,5,,,,1,,,,1,,4,1,,,,,4,,,14,,,,,,,,,,,,,,,,,,117
257414,"San Diego County, CA, USA","California, USA","United States","32.850337212109, -117.27346020314",land,,2023-01-14,"gigantic waves",6,,6,0.333,0.22418644050212,,,,,,,3,3,2,18,3,3,2,,,4,2,,,,,,,,,,,,,,,,,,,,,,,,,,,,,,,,,,,,,,,,,,,,,,40
257456,"San Diego County, CA, USA","California, USA","United States","32.862835899026, -117.25505978811",land,,2023-01-15,seagals,3,,3,3.1,0.027226772116158,,,1,,,,1,,4,,2,1,1,1,,6,,4,2,,,,1,,,,,1,1,,,,,,1,,,,,,,,,,,,,,,,,,,,,,,,,,,,27
257457,"San Diego County, CA, USA","California, USA","United States","32.8570992, -117.2574626",land,,2023-01-15,Universe,4,,4,17.723,0,,,2,,2,2,,1,1,5,1,,3,,,17,,2,,,,,5,,,10,1,3,,2,,,,,1,,5,8,,,,2,,,107,,,,,,,,,,,,,,,,,,180
257458,"San Diego County, CA, USA","California, USA","United States","32.858268145851, -117.25577252758",land,,2023-01-15,APW,13,,13,2.848,0.1268024313069,,,,,1,,,,12,,,,,,,3,,3,,,,,,,,,,,,,,,,,,,,19,,,,,,,,,,,,,,,,,,,,,,,,,38
257459,"San Diego County, CA, USA","California, USA","United States","32.858623042356, -117.25605015682",land,,2023-01-15,"blue hands",1,,1,14.1,0.1,,,1,,4,,1,,14,11,1,,,6,,,,2,,,,,4,,,,,,,,,,,,,4,6,,,,,1,,,73,,,,,,,,,,,,,,,,,,128
257461,"San Diego County, CA, USA","California, USA","United States","32.858354509938, -117.25588752519",land,,2023-01-15,"Save the world - APW",4,,4,18.14,0.019770884365077,,2,12,,,,1,,13,9,,,,,,2,,1,1,2,,,,,,29,,,,,,,,,,,9,1,,,,4,,,306,,,,,,,,,,,,,,,,,,392
257462,"San Diego County, CA, USA","California, USA","United States","32.849019540017, -117.2751993365",land,,2023-01-15,"au pair weekend",5,,5,0.469,0.0090849457705241,,,,,,,1,,,5,,6,,,,10,,4,,,,,,,,,,,5,,,,,,,,,,,4,,,,,15,,,,,,,,,,,,,,,,,,50
257463,"San Diego County, CA, USA","California, USA","United States","32.858247829218, -117.25575136788",land,,2023-01-15,,4,,4,6.294,0,,1,1,1,4,,,,6,1,,,2,,,3,,2,1,,,,1,,,3,,2,,1,,,1,,,1,7,2,,,,2,,,7,,,,,,,,,,,,,,,,,,49
257464,"San Diego County, CA, USA","California, USA","United States","32.850251368945, -117.27328771228",land,,2023-01-15,,3,,3,0.959,0.23097828997869,,,,,2,,,,,,,,,,,8,2,2,,,,,,,,,,,,1,,,,3,,,,,,,,2,,,,,,,,,,,,,,,,,,,,,20
257465,"San Luis Obispo County, CA, USA","California, USA","United States","35.423587521256, -120.88031869189",land,,2023-01-15,"morales family",2,,2,3,0.1,,1,4,,,1,5,,15,,,,6,,,13,3,12,1,9,,,,,,4,,4,1,,,,,1,,,7,,,,,,,,80,,,,,,,,,,,,,,,,,,167
257467,"Los Angeles County, CA, USA","California, USA","United States","33.978505404577, -118.46671557366",land,,2023-01-15,,1,,1,0.01,0,,,,,,,,,,,,,,,,,,,,,,,,,,,,,,,,,,,,,,,,,,,,,,,,,,,,,,,,,,,,,,,
257468,"San Diego County, CA, USA","California, USA","United States","32.846775145266, -117.27818307754",land,,2023-01-15,"emma, lina, lina, clara",1,,1,10.657,2.786468475686,,1,3,,5,,1,2,,1,1,,,1,,4,,,,1,,,,,,,,2,,,,,,2,22,,,16,,2,,1,,,,,,,,,,,,,,,,,,,,,65
257469,"San Diego County, CA, USA","California, USA","United States","32.850415682497, -117.27410025936",land,,2023-01-15,,4,,4,3.946,2.5056319486279,,1,,,1,,1,1,2,17,,,,,,11,1,1,2,,,,,,,,,1,,,,1,3,,,,4,11,,,,,,,4,,,,,,,,,,,,,,,,,,62
257470,"Santa Barbara County, CA, USA","California, USA","United States","34.374038558485, -119.47867652412",land,,2023-01-15,Robin,1,,1,64.756,0,,3,4,5,8,,4,3,5,,4,4,4,4,4,4,6,11,2,6,2,,5,,2,2,5,5,,1,,,,,,,4,4,,,,,,,11,,,,,,,,,,,,,,,,,,122
257478,"San Mateo County, CA, USA","California, USA","United States","37.589420999087, -122.50159085824",land,,2023-01-05,"Pacifica beach coalition",2,,2,0.211,0.46490967251167,,,,,1,,1,,,1,1,,1,,,,,,,,,,,,,,,,,,,1,,,,,,,,,,,,,,,,,,,,,,,,,,,,,,,6
257479,"San Mateo County, CA, USA","California, USA","United States","37.59091686135, -122.49720972507",land,,2023-01-15,"Pacifica beach coalition",1,,1,17.749,0,,,,,,2,,,,,,,,,,,,,,2,,,1,,,,,1,,,,,,,,2,,,,,,,,,,,,,,,,,,,,,,,,,,,8
257480,"Los Angeles County, CA, USA","California, USA","United States","33.978420523958, -118.46654143195",land,,2023-01-15,"kevin calvert",1,,1,21.285,1.0975154628398,,7,3,4,24,9,2,8,11,6,11,5,4,6,7,10,7,11,5,,,,,,2,1,,,,11,2,,6,5,6,15,5,4,,1,,12,,,25,,,,,,,,,,,,,,,,,,235
257481,"San Diego County, CA, USA","California, USA","United States","32.850164923606, -117.27309790415",land,,2023-01-15,"Au pair weekend",4,,4,0.503,0,,,,,,,1,,,4,,4,5,,,4,,,4,,,,,,,,,,,,,,,,,,1,,,,,,,,,,,,,,,,,,,,,,,,,,23
257490,"Los Angeles County, CA, USA","California, USA","United States","33.976848078923, -118.46510686923",land,,2023-01-15,"kevin calvert",1,,1,28.043,1.9496801430053,,4,5,,15,12,1,7,22,1,8,10,5,5,4,31,7,8,5,1,3,,3,,1,1,,,,2,1,2,3,2,2,5,2,3,,,,5,,,32,,,,,,,,,,,,,,,,,,218
257494,"San Diego County, CA, USA","California, USA","United States","32.849976825547, -117.27471949011",land,,2023-01-15,,4,,4,32.293,0.062536632913591,,2,,10,7,13,7,1,,3,1,3,7,2,,2,1,5,12,,,,,1,1,,1,2,,2,,,4,,2,2,4,6,,1,1,,,,13,,,,,,,,,,,,,,,,,,116
257509,"San Diego County, CA, USA","California, USA","United States","32.848549697877, -117.27040126341",land,,2023-01-16,"ocean geoup",1,,1,1.295,0,,2,,2,2,1,,,2,3,,,,,,,1,,,,,,,,1,,,,,,,,,1,,,,,,,,,,,4,,,,,,,,,,,,,,,,,,19
257511,"Mendocino County, CA, USA","California, USA","United States","39.4012392191, -123.81020726175",land,,2023-01-16,"Noyo Center for Marine Science",1,,1,7.51,0,,,,,,,,,,,,,,,,,,,,1,,,,,,,,,1,,,,,,,1,,,,,,,,,4,,,,,,,,,,,,,,,,,,7
257514,"Alameda County, CA, USA","California, USA","United States","37.805760071383, -122.32853848959",land,,2023-01-16,"girl scout troop 33591",7,,7,17.806,1.6712572087865,,6,6,,1,,6,,120,7,,5,1,,,23,22,12,5,,10,,,,,,,,1,,,,1,,6,5,,2,,,,2,3,8,5,,,,,,,,,,,,,,,,,,257
257525,"San Francisco County, San Francisco, CA, USA","California, USA","United States","37.787592808924, -122.46543408962",land,,2023-01-16,"Stinnette Family",4,,4,26.792,0.2611697593324,,1,5,1,,,1,3,4,6,3,1,,,2,10,,,1,,,,8,,,,,4,,2,,,,1,,1,13,10,,,,1,,,15,,,,,,,,,,,,,,,,,,93
257526,"Alameda County, CA, USA","California, USA","United States","37.86458476, -122.30508719",land,,2023-01-16,,2,,2,77.032,0.41638895499906,,3,3,1,3,,,,2,,,,,1,2,5,,1,,,,,27,,,1,,1,1,1,,,,1,,2,2,13,1,,,1,,,32,,,,,,,,,,,,,,,,,,104
257529,"Los Angeles County, CA, USA","California, USA","United States","34.0356343, -118.5359079",land,,2023-01-16,,6,,6,21,0,4,,,,,,,,,,,,,,,,,,,,,,,,,,,,,,,,,,,,,,,,,,,,,,,,,,,,,,,,,,,,,,
257533,"Ventura County, CA, USA","California, USA","United States","34.2804923, -119.2945199",land,,2023-01-16,,1,,1,13.5,0,4,,,,,,,,,,,,,,,,,,,,,,,,,,,,,,,,,,,,,,,,,,,,,,,,,,,,,,,,,,,,,,
257534,"Los Angeles County, CA, USA","California, USA","United States","33.3878856, -118.4163103",watercraft,,2023-01-16,,1,,1,22.5,0,2,,,,,,,,,,,,,,,,,,,,,,,,,,,,,,,,,,,,,,,,,,,,,,,,,,,,,,,,,,,,,,
257537,"Los Angeles County, CA, USA","California, USA","United States","33.978465199502, -118.46652240503",land,,2023-01-16,"kevin calvert",1,,1,0.01,0,,,,,,,,,,,,,,,,,,,,,,,,,,,,,,,,,,,,,,,,,,,,,,,,,,,,,,,,,,,,,,,
257538,"Alameda County, CA, USA","California, USA","United States","37.674712417647, -121.78190264851",land,,2023-01-16,"Friends of the Arroyos 6",1,,1,28,0.3,,3,3,1,3,2,,,,,4,,5,,,,,,,,,,,,,,,,,,,,,,,,,,,,,,,,,,,,,,,,,,,,,,,,,,21
257541,"San Bernardino County, CA, USA","California, USA","United States","34.108016931468, -117.66928859272",land,,2023-01-16,"Molly Loves Trash",1,,1,0.568,0,,1,,,2,,,,1,,,,1,,,,,,,,,,,,,,,,,,,,,,,,,3,,,,,,,,,,,,,,,,,,,,,,,,,8
257542,"Los Angeles County, CA, USA","California, USA","United States","34.01342472, -118.47833689",land,,2023-01-16,PBC,1,,1,3.237,1.2825008387007,,1,1,1,3,,4,1,4,8,,1,,,,18,,8,3,,,,,,,,,1,1,1,,,,,,,,11,,,,1,,,,,,,,,,,,,,,,,,,,,68
257543,"Mendocino County, CA, USA","California, USA","United States","39.1267616, -123.7178921",land,,2023-01-16,"Noyo Center for Marine Science",1,,1,1.233,0,,,,1,1,,,2,,,,,,,,3,,,,,,,,,,,1,,,1,,,,,,,,,,,,,,,1,,,,,,,,,,,,,,,,,,10
257544,"San Mateo County, CA, USA","California, USA","United States","37.589209721872, -122.49883681116",land,,2023-01-16,"Pacifica beach coalition",2,,2,5.725,0.071504665336055,,,1,1,1,2,1,,2,4,,,,,,4,,1,4,,,,1,,,,,,,1,,,1,3,,,5,4,,,,1,,,,,,,,,,,,,,,,,,,,,37
257550,"Monterey County, CA, USA","California, USA","United States","36.586714773473, -121.86794548307",land,,2023-01-17,"carolyn alone at sunrise",1,,1,1.054,0,,,,,1,,,,2,1,,,,,,5,,1,,,,,,,,10,,,1,,,,,,,,,,,,,,,,31,,,,,,,,,,,,,,,,,,52
257554,"Los Angeles County, CA, USA","California, USA","United States","33.978424840638, -118.4665239976",land,,2023-01-16,"kevin calvert",1,,1,18.849,4.3000573909284,,2,5,3,9,7,7,4,21,19,12,29,17,5,7,25,9,17,8,,,,1,,1,2,2,1,1,4,,,2,3,2,14,3,1,,,,10,,,38,,,,,,,,,,,,,,,,,,291
257555,"Alameda County, CA, USA","California, USA","United States","37.565375364228, -122.03106586009",land,,2023-01-17,,2,,2,4,0,2,,,,,,,,,,,,,,,,,,,,,,,,,,,,,,,,,,,,,,,,,,,,,,,,,,,,,,,,,,,,,,
257570,"Los Angeles County, CA, USA","California, USA","United States","33.918238920191, -118.40737072762",land,,2023-01-17,"Green Wings-LAX",3,,3,50,0,25,,,,,,,,,,,,,,,,,,,,,,,,,,,,,,,,,,,,,,,,,,,,,,,,,,,,,,,,,,,,,,
257571,"Los Angeles County, CA, USA","California, USA","United States","33.918238920191, -118.40737072762",land,,2023-01-17,"Green Wings-LAX",2,,2,60,0,4,,,,,,,,,,,,,,,,,,,,,,,,,,,,,,,,,,,,,,,,,,,,,,,,,,,,,,,,,,,,,,
257572,"Los Angeles County, CA, USA","California, USA","United States","33.9564194, -118.4422317",land,,2023-01-17,"Green Wings-LAX",2,,2,60,0,4,,,,,,,,,,,,,,,,,,,,,,,,,,,,,,,,,,,,,,,,,,,,,,,,,,,,,,,,,,,,,,
257590,"Alameda County, CA, USA","California, USA","United States","37.530648231362, -121.95871507402",land,,2023-01-17,,2,,2,7.5,0,1,,,,,,,,,,,,,,,,,,,,,,,,,,,,,,,,,,,,,,,,,,,,,,,,,,,,,,,,,,,,,,
257591,"Alameda County, CA, USA","California, USA","United States","37.676745657809, -121.78674981929",land,,2023-01-17,"Friends of the Arroyos 6",1,,1,32,0.2,,5,3,2,11,4,,,6,,4,1,2,,,,2,,5,,,,1,,,1,1,,,10,,,5,1,2,,9,2,,,,,,,,,,,,,,,,,,,,,,,,,77
257592,"Los Angeles County, CA, USA","California, USA","United States","34.124986786456, -118.47719258332",land,,2023-01-17,"Milken 5",5,,5,1.69,0.060527597594324,,,,,,,,,,6,,4,,3,1,1,1,1,4,,,,,,1,2,4,1,1,,,,,,,,,,1,,,,1,,4,,,,,,,,,,,,,,,,,,36
257593,"San Mateo County, CA, USA","California, USA","United States","37.588862249478, -122.46832631938",land,,2023-01-17,PBC,1,,1,15,0,1,,,,,,,,,,,,,,,,,,,,,,,,,,,,,,,,,,,,,,,,,,,,,,,,,,,,,,,,,,,,,,
257611,"San Mateo County, CA, USA","California, USA","United States","37.654282390663, -122.49135182041",land,,2023-01-18,"PBC Esplanade Beach",1,,1,0.32,0,,,,,1,1,,,,,1,,2,1,,1,3,,,,,,,,,,,1,,,,,,,,,,,,,,5,,,,,,,,,,,,,,,,,,,,,16
257731,"San Diego County, CA, USA","California, USA","United States","32.79634188398, -117.22391489904",watercraft,,2023-01-18,,1,,1,2,0,1,,,,,,,,,,,,,,,,,,,,,,,,,,,,,,,,,,,,,,,,,,,,,,,,,,,,,,,,,,,,,,
257732,"San Mateo County, CA, USA","California, USA","United States","37.636971267961, -122.48912789446",land,,2023-01-18,"Pacific Beach Coalition - Terri Brown",1,,1,57.691,0,,3,25,2,6,7,3,5,4,,2,2,6,,4,24,5,7,4,,,,14,,,3,2,4,2,9,,2,,,13,,,88,,2,,4,,,18,,,,,,,,,,,,,,,,,,270
257733,"San Mateo County, CA, USA","California, USA","United States","37.588887445834, -122.46831661615",land,,2023-01-18,PBC,1,,1,15,0,1,,,,,,,,,,,,,,,,,,,,,,,,,,,,,,,,,,,,,,,,,,,,,,,,,,,,,,,,,,,,,,
257734,"Los Angeles County, CA, USA","California, USA","United States","34.107566690469, -117.72932113645",land,,2023-01-19,"Molly Loves Trash",1,,1,0.016,0.0098307503866683,,1,,,,,,,,,,,,,,,,,,,,,,,,,,,,,,,,,,,,,,,,,,,,,,,,,,,,,,,,,,,,,1
257758,"San Mateo County, CA, USA","California, USA","United States","37.656740913153, -122.37707777807",land,,2023-01-19,"Genentech Green Genes Coastal Cleanup",20,,20,390.761,0,,24,14,23,22,23,30,18,35,33,,24,,41,34,31,18,21,13,30,36,,10,3,17,35,30,18,,5,,,19,15,10,3,5,24,,,,,,,59,,,,,,,,,,,,,,,,,,723
257760,"Monterey County, CA, USA","California, USA","United States","36.586744361591, -121.86796811421",land,,2023-01-19,"carolyn alone at sunrise",1,,1,14.312,0,,,1,,,,,7,,5,,,,,,9,,,,2,,,,,,,,,,,,,,,,,,,,,,,,,204,,,,,,,,,,,,,,,,,,228
257761,"San Mateo County, CA, USA","California, USA","United States","37.648397130393, -122.48724073448",land,,2023-01-19,"Pacific Beach Coalition - Terri Brown",1,,1,1.891,0,,1,3,,,3,,,,300,,3,,,,7,2,2,1,,,,,,,,,,,,,,,,,,,10,,,,,,,,,,,,,,,,,,,,,,,,,332
257762,"Mendocino County, CA, USA","California, USA","United States","39.33351196, -123.81017956",land,,2023-01-19,"Noyo Center for Marine Science",2,,2,19.648,0,,,,,,,,,2,,,,,,,,,,,2,,,,,,,,,,,,,,,,,47,,,,,,,,,,,,,,,,,,,,,,,,,,51
257763,"Mendocino County, CA, USA","California, USA","United States","39.5613267, -123.7667021",land,,2023-01-19,"Noyo Center for Marine Science",2,,2,60,0,4,,,,,,,,,,,,,,,,,,,,,,,,,,,,,,,,,,,,,,,,,,,,,,,,,,,,,,,,,,,,,,
257764,"San Luis Obispo County, CA, USA","California, USA","United States","35.136147006715, -120.64056629",land,,2023-01-19,seth,1,,1,23.865,0,,,3,6,5,,2,3,100,9,,2,1,1,1,16,6,5,1,1,,,3,,,1,1,1,,,,,1,,1,7,,,,,,,,,38,,,,,,,,,,,,,,,,,,215
257765,"Mendocino County, CA, USA","California, USA","United States","39.1267616, -123.7178921",land,,2023-01-20,"Noyo Center for Marine Science",1,,1,10.537,0,,,,,,,,,1,,,,,,,2,,,,1,,,1,,,5,,,,,,,,,,,2,1,,,,,,,2,,,,,,,,,,,,,,,,,,15
257783,"San Mateo County, CA, USA","California, USA","United States","37.58886206088, -122.46832681436",land,,2023-01-20,PBC,1,,1,15,0,1,,,,,,,,,,,,,,,,,,,,,,,,,,,,,,,,,,,,,,,,,,,,,,,,,,,,,,,,,,,,,,
257794,"Sonoma County, CA, USA","California, USA","United States","38.3120615, -123.0520385",land,,2023-01-20,,1,,1,7.5,0,1,,,,,,,,,,,,,,,,,,,,,,,,,,,,,,,,,,,,,,,,,,,,,,,,,,,,,,,,,,,,,,
257795,"Sonoma County, CA, USA","California, USA","United States","38.3120615, -123.0520385",land,,2023-01-20,,1,,1,7.5,0,1,,,,,,,,,,,,,,,,,,,,,,,,,,,,,,,,,,,,,,,,,,,,,,,,,,,,,,,,,,,,,,
257796,"Sonoma County, CA, USA","California, USA","United States","38.3818001, -123.0817291",land,,2023-01-20,,1,,1,30,0,2,,,,,,,,,,,,,,,,,,,,,,,,,,,,,,,,,,,,,,,,,,,,,,,,,,,,,,,,,,,,,,
257797,"Sonoma County, CA, USA","California, USA","United States","38.3818001, -123.0817291",land,,2023-01-20,,1,,1,30,0,2,,,,,,,,,,,,,,,,,,,,,,,,,,,,,,,,,,,,,,,,,,,,,,,,,,,,,,,,,,,,,,
257803,"Los Angeles County, CA, USA","California, USA","United States","34.12114739529, -117.70606699724",land,,2023-01-20,"Molly Loves Trash",1,,1,0.188,0,,,,,,,,,2,,,,,,,1,,,,,,,,,,,,,,,,,,,,,,1,,,,1,,,,,,,,,,,,,,,,,,,,,5
257810,"Santa Cruz County, CA, USA","California, USA","United States","36.957939263826, -121.88705099929",land,,2023-01-21,"Hidden Beach",2,,2,4,0,2,,,,,,,,,,,,,,,,,,,,,,,,,,,,,,,,,,,,,,,,,,,,,,,,,,,,,,,,,,,,,,
257812,"San Mateo County, CA, USA","California, USA","United States","37.50089226461, -122.26588048893",land,,2023-01-21,"Carey 3 3 Miller",2,,2,4.995,0,,1,1,2,2,,,8,5,4,3,1,,,2,17,3,3,5,,,,1,,,1,,,1,,,,,,,,2,,,,,3,,,,,,,,,,,,,,,,,,,,,65
257843,"Orange County, CA, USA","California, USA","United States","33.611825611332, -117.93184566798",land,,2023-01-21,Andy,1,,1,10.8,9.7,,,,,,,,,,,,,,,,,,,,,,,,,,,,,,,,,,,,,,,,,,,,,,,,,,,,,,,,,,,,,,,
257844,"Orange County, CA, USA","California, USA","United States","33.609933410803, -117.9307762162",land,,2023-01-21,,1,,1,1,4,,,,,1,,,,,1,,,,,,1,,2,,,,,,,,,,,,,,,,,,,,,,,,1,,,5,,,,,,,,,,,,,,,,,,11
257845,"Orange County, CA, USA","California, USA","United States","33.611743786281, -117.93024961679",land,,2023-01-21,Andy,1,,1,10.2,9.7,,2,4,1,3,1,,19,4,11,2,,,1,1,2,2,3,1,,,,2,,1,33,,7,2,1,,,,,,1,,,,,,2,,,46,,,,,,,,,,,,,,,,,,152
257847,"San Mateo County, CA, USA","California, USA","United States","37.597309395133, -122.50334000483",land,,2023-01-21,"Pacific Beach Coalition",1,,1,3.186,1.0744363479492,,,,,,3,3,1,2,30,2,,,,,10,3,2,2,,,,,,,2,1,2,,3,,1,,,,,2,6,,,,7,,,8,,,,,,,,,,,,,,,,,,90
257849,"Orange County, CA, USA","California, USA","United States","33.6188829, -117.9298493",land,,2023-01-21,"Crean Lutheran",2,,2,0.583,0,,,1,,,,1,,12,1,,,,,,10,1,7,,,,,,,,,,1,1,,,,,,,,,1,,,,4,,,209,,,,,,,,,,,,,,,,,,249
257850,"San Mateo County, CA, USA","California, USA","United States","37.649243649077, -122.49133150137",land,,2023-01-21,"Pacific Beach Coalition - Terri Brown",1,,1,31.285,0.24012278450044,,2,3,2,9,7,,2,2,25,,3,3,,,7,3,2,2,,,,5,,,,,3,,13,,,,2,6,,,78,,1,,10,,,7,,,,,,,,,,,,,,,,,,197
257851,"Mendocino County, CA, USA","California, USA","United States","39.488735341866, -123.78883421446",land,,2023-01-21,"Noyo Center for Marine Science",3,,3,6,0,3,,,,,,,,,,,,,,,,,,,,,,,,,,,,,,,,,,,,,,,,,,,,,,,,,,,,,,,,,,,,,,
257852,"Los Angeles County, CA, USA","California, USA","United States","33.835881451232, -118.39011579865",land,,2023-01-21,,1,,1,2.033,0.22028232626093,,,4,,,,,2,39,6,1,1,5,,4,21,2,23,1,,,,,,,,,,,,,,,,,,,5,,,,1,,,86,,,,,,,,,,,,,,,,,,201
257853,"Orange County, CA, USA","California, USA","United States","33.474695300715, -117.63275387708",land,,2023-01-21,"Pacific Beach Coalition",1,,1,0.01,0,,,,,,,,,,,,,,,,,,,,,,,,,,,,,,,,,,,,,,,,,,,,,,,,,,,,,,,,,,,,,,,
257854,"Orange County, CA, USA","California, USA","United States","33.423689855369, -117.6223574792",land,,2023-01-21,"Pacific Beach Coalition",1,,1,4,0,2,,,,,,,,,,,,,,,,,,,,,,,,,,,,,,,,,,,,,,,,,,,,,,,,,,,,,,,,,,,,,,
257855,"Los Angeles County, CA, USA","California, USA","United States","33.75364416, -118.13730711",land,,2023-01-21,CSULB,2,,2,2.665,0.49470018041154,,,5,,6,2,4,1,7,3,,,,,,7,3,14,3,,,,,,,8,,1,,,,,2,,3,,,1,,,,,2,,20,,,,,,,,,,,,,,,,,,92
257857,"Los Angeles County, CA, USA","California, USA","United States","34.015687638925, -118.82260576833",land,,2023-01-21,"Wilserness Cleanup Club",23,,23,40.906584,3,,5,8,8,10,5,6,10,12,6,5,7,2,5,3,10,7,9,3,,2,,3,1,1,2,1,3,,4,1,1,,6,1,1,2,4,3,,,1,,,26,,,,,,,,,,,,,,,,,,184
257858,"Los Angeles County, CA, USA","California, USA","United States","34.015639023887, -118.8225479332",land,,2023-01-21,"Wilserness Cleanup Club",1,,1,0,0,6,,,,,,,,,,,,,,,,,,,,,,,,,,,,,,,,,,,,,,,,,,,,,,,,,,,,,,,,,,,,,,
257860,"Los Angeles County, CA, USA","California, USA","United States","34.015238215649, -118.81812089011",land,,2023-01-21,"Wilserness Cleanup Club",23,,23,0.115,0.25713492504593,,,5,,,,,,,,,,,,,,,,,,,,,,,,,,,,,,,,,,,,,,,,,,,,,,,,,,,,,,,,,,,,5
257861,"Los Angeles County, CA, USA","California, USA","United States","34.015611535647, -118.8225451377",land,,2023-01-21,"Wilserness Cleanup Club",23,,23,0.184,3,,,,,,,,,,,,,,,,,,,,,,,,,,,,,,,,,,,,,,,,,,,,,184,,,,,,,,,,,,,,,,,,184
257866,"Alameda County, CA, USA","California, USA","United States","37.5824091, -122.0504699",land,,2023-01-21,,2,,2,4,0,2,,,,,,,,,,,,,,,,,,,,,,,,,,,,,,,,,,,,,,,,,,,,,,,,,,,,,,,,,,,,,,
257867,"Alameda County, CA, USA","California, USA","United States","37.5824091, -122.0504699",land,,2023-01-21,,2,,2,4,0,2,,,,,,,,,,,,,,,,,,,,,,,,,,,,,,,,,,,,,,,,,,,,,,,,,,,,,,,,,,,,,,
257868,"Alameda County, CA, USA","California, USA","United States","37.6281399, -122.0292684",land,,2023-01-21,,2,,2,15,0,1,,,,,,,,,,,,,,,,,,,,,,,,,,,,,,,,,,,,,,,,,,,,,,,,,,,,,,,,,,,,,,
257874,"San Mateo County, CA, USA","California, USA","United States","37.600051527523, -122.50057133312",land,,2023-01-18,"Pacifica beach coalition",1,,1,28.541,0,,,,,,,,,2,1,,,,,,1,,,,4,,,,,,,,1,,,,,,,,1,,,,,,,,,12,,,,,,,,,,,,,,,,,,22
257878,"San Mateo County, CA, USA","California, USA","United States","37.588144452539, -122.49289934329",land,,2023-01-21,"Pacifica beach coalition",2,,2,1.135,0.36396637834965,,,,,2,1,,1,,12,,,,,,,,,,,,,,,,,,1,1,,,,,,,,1,6,,,,2,,,,,,,,,,,,,,,,,,,,,27
257879,"Santa Clara County, CA, USA","California, USA","United States","37.446800299682, -122.09164077009",land,,2023-01-21,,1,,1,33.12,0.16592374608132,,,,,,,,,,,,,,,,,,,,,,,,,,,,,,,,,,,,66,1,,,,,,,,,,,,,,,,,,,,,,,,,,67
257881,"Orange County, CA, USA","California, USA","United States","33.82811, -118.03833",land,,2023-01-21,"Pacific Beach Coalition",2,,2,11.57,0.2305,,4,,1,4,7,3,,2,27,,,5,1,3,7,2,3,2,,,,1,,,,,,,,,,,,,,,72,,,,2,,,11,,,,,,,,1,,,,,3,,,,,161
257882,"Santa Barbara County, CA, USA","California, USA","United States","34.440433761034, -119.76314919463",land,,2023-01-21,"Annika & Lydia",2,,2,46.583,4.6907892118777,,,2,2,8,5,,3,8,,1,1,,,3,3,2,5,,2,1,,7,,,2,4,1,,2,1,,,,2,10,18,11,,,,,,,32,,,,,,,,,,,,,,,,,,136
257883,"Santa Barbara County, CA, USA","California, USA","United States","34.440433761034, -119.76314919463",land,,2023-01-21,"Annika & Lydia",2,,2,46.583,4.6907892118777,,,2,2,8,5,,3,8,,1,1,,,3,3,2,5,,2,1,,7,,,2,4,1,,2,1,,,,2,10,18,11,,,,,,,32,,,,,,,,,,,,,,,,,,136
257884,"Santa Barbara County, CA, USA","California, USA","United States","34.440433761034, -119.76314919463",land,,2023-01-21,"Annika & Lydia",2,,2,46.583,4.6907892118777,,,2,2,8,5,,3,8,,1,1,,,3,3,2,5,,2,1,,7,,,2,4,1,,2,1,,,,2,10,18,11,,,,,,,32,,,,,,,,,,,,,,,,,,136
257885,"Santa Barbara County, CA, USA","California, USA","United States","34.440433761034, -119.76314919463",land,,2023-01-21,"Annika & Lydia",2,,2,46.583,4.6907892118777,,,2,2,8,5,,3,8,,1,1,,,3,3,2,5,,2,1,,7,,,2,4,1,,2,1,,,,2,10,18,11,,,,,,,32,,,,,,,,,,,,,,,,,,136
257886,"Santa Barbara County, CA, USA","California, USA","United States","34.440433761034, -119.76314919463",land,,2023-01-21,"Annika & Lydia",2,,2,46.583,4.6907892118777,,,2,2,8,5,,3,8,,1,1,,,3,3,2,5,,2,1,,7,,,2,4,1,,2,1,,,,2,10,18,11,,,,,,,32,,,,,,,,,,,,,,,,,,136
257887,"Santa Barbara County, CA, USA","California, USA","United States","34.440433761034, -119.76314919463",land,,2023-01-21,"Annika & Lydia",2,,2,46.583,4.6907892118777,,,2,2,8,5,,3,8,,1,1,,,3,3,2,5,,2,1,,7,,,2,4,1,,2,1,,,,2,10,18,11,,,,,,,32,,,,,,,,,,,,,,,,,,136
257888,"Santa Barbara County, CA, USA","California, USA","United States","34.440433761034, -119.76314919463",land,,2023-01-21,"Annika & Lydia",2,,2,46.583,4.6907892118777,,,2,2,8,5,,3,8,,1,1,,,3,3,2,5,,2,1,,7,,,2,4,1,,2,1,,,,2,10,18,11,,,,,,,32,,,,,,,,,,,,,,,,,,136
257889,"Santa Barbara County, CA, USA","California, USA","United States","34.440433761034, -119.76314919463",land,,2023-01-21,"Annika & Lydia",2,,2,46.583,4.6907892118777,,,2,2,8,5,,3,8,,1,1,,,3,3,2,5,,2,1,,7,,,2,4,1,,2,1,,,,2,10,18,11,,,,,,,32,,,,,,,,,,,,,,,,,,136
257890,"Santa Barbara County, CA, USA","California, USA","United States","34.440433761034, -119.76314919463",land,,2023-01-21,"Annika & Lydia",2,,2,46.583,4.6907892118777,,,2,2,8,5,,3,8,,1,1,,,3,3,2,5,,2,1,,7,,,2,4,1,,2,1,,,,2,10,18,11,,,,,,,32,,,,,,,,,,,,,,,,,,136
257891,"Alameda County, CA, USA","California, USA","United States","37.565304430963, -122.0311932776",land,,2023-01-22,,2,,2,7.5,0,1,,,,,,,,,,,,,,,,,,,,,,,,,,,,,,,,,,,,,,,,,,,,,,,,,,,,,,,,,,,,,,
257892,"San Mateo County, CA, USA","California, USA","United States","37.457651771438, -122.2494128097",land,,2023-01-22,walter,1,,1,1.801,0.7565595369982,,,16,,1,,1,,,,,,,,,20,7,,1,,,,,,,,1,,13,,,,,,,,3,,,,,,,1,35,,,,,,,,,,,,,,,,,,99
257893,"Santa Barbara County, CA, USA","California, USA","United States","34.440433761034, -119.76314919463",land,,2023-01-21,"Annika & Lydia",2,,2,46.6,3.8,,,2,2,8,5,,3,8,,1,1,,,3,3,2,5,,2,1,,7,,,2,4,1,,2,1,,,,2,10,18,11,,,,,,,32,,,,,,,,,,,,,,,,,,136
257894,"Santa Cruz County, CA, USA","California, USA","United States","36.957958164459, -121.8869522776",land,,2023-01-22,"Hidden Beach",1,,1,2,0,1,,,,,,,,,,,,,,,,,,,,,,,,,,,,,,,,,,,,,,,,,,,,,,,,,,,,,,,,,,,,,,
257920,"San Diego County, CA, USA","California, USA","United States","32.752950225932, -117.25136593776",land,,2023-01-22,"san diego whale watch",3,,3,0.01,0.048651304786197,,,,,,,,,,,,,,,,,,,,,,,,,,,,,,,,,,,,,,,,,,,,,,,,,,,,,,,,,,,,,,,
257926,"Alameda County, CA, USA","California, USA","United States","37.565399870848, -122.03112829412",land,,2023-01-22,,1,,1,7.5,0,1,,,,,,,,,,,,,,,,,,,,,,,,,,,,,,,,,,,,,,,,,,,,,,,,,,,,,,,,,,,,,,
257927,"San Diego County, CA, USA","California, USA","United States","32.7559746, -117.2511508",land,,2023-01-22,"San Diego Whale Watch",2,,2,4.653,0,,2,8,2,4,1,3,4,10,46,4,3,5,4,,4,,2,5,,,,,,,5,1,,,1,,,,,,,6,5,,,,2,,,15,,,,,,,,,,,,,,,,,,142
257929,"San Diego County, CA, USA","California, USA","United States","32.753420946222, -117.25156988912",land,,2023-01-22,"san diego whale watch",2,,2,15.613,0.025041656173303,,,3,,1,,2,,,1,,2,,,,1,,,,1,,,3,,,,,,,,,,,,,,2,1,,,,,,,,,,,,,,,,,,,,,,,,,17
257930,"San Diego County, CA, USA","California, USA","United States","32.754212000159, -117.25157957515",land,,2023-01-22,"LeeshKat Trashbusters",2,,2,4.81,0.35224889096195,,,17,1,4,,3,,,29,5,,2,2,,12,,7,,,,,,,,3,,,,5,,,,,,,4,5,,,,,,,,,,,,,,,,,,,,,,,,,99
257931,"San Diego County, CA, USA","California, USA","United States","32.753418702663, -117.25163083534",land,,2023-01-22,"San Diego Whale Watch",2,,2,11.36,0,,2,3,,2,2,1,,1,20,1,4,2,2,3,20,1,,2,,,,3,,,,,2,,,,,,,1,2,1,6,,,,,,,15,,,,,,,,,,,,,,,,,,96
257932,"San Diego County, CA, USA","California, USA","United States","32.752948387464, -117.25107261778",land,,2023-01-22,"San Diego Whale Watch",3,,3,7,0.1,,2,,,5,11,,,4,6,,,2,,1,9,2,6,,2,,,,,,1,1,4,,1,,,1,,1,4,11,3,,,,,,1,17,,,,,,,,,,,,,,,,,,95
257933,"San Diego County, CA, USA","California, USA","United States","32.753322179455, -117.25160145547",land,,2023-01-22,"San Diego Whale Watch",2,,2,8.441,0.75513845310788,,,1,2,2,,,,2,3,,,2,,,3,2,,1,,,,,,,1,2,,1,,,1,1,,5,1,15,25,,,,1,,,,,,,,,,,,,,,,,,,,,71
257934,"Santa Barbara County, CA, USA","California, USA","United States","34.419088610419, -119.6290071102",land,,2023-01-22,"kana wolf",1,,1,131.79,0.099527376584318,,,1,,1,,,2,2,,,3,1,1,,1,1,4,1,,,1,1,,,1,,2,,,,,,,,1,2,,,,,,,,6,,,,,,,,,,,,,,,,,,32
257935,"San Diego County, CA, USA","California, USA","United States","32.75324146732, -117.25152631301",land,,2023-01-22,"whale watch",3,,3,25,0,,2,5,,,,,7,,16,,,11,,10,10,10,5,,,36,,,,,1,10,,,,,,1,,,,10,1,,17,,,,,95,,,,,,,,,,,,,,,,,,247
257936,"San Diego County, CA, USA","California, USA","United States","32.753100300139, -117.25114438043",land,,2023-01-22,"San Diego whale watch",1,,1,46.567,0.99637766306904,,2,1,2,4,2,1,1,9,107,,,3,,,22,5,2,,1,,,3,1,1,,1,1,,8,,2,,,1,,,43,2,2,,,,1,56,,,,,,,,,,,,,,,,,,284
257937,"San Diego County, CA, USA","California, USA","United States","32.753330944136, -117.25184256222",land,,2023-01-22,"San Diego Whale Watch",3,,3,34.735,0.24941945513258,,,,,,,,1,6,3,,,,,,2,,3,,4,,,1,,,,,,1,,,1,,,,6,,6,,,,1,,,237,,,,,,,,,,,,,,,,,,272
257938,"San Diego County, CA, USA","California, USA","United States","32.753757037738, -117.25113836073",land,,2023-01-22,SDwhalewatch,2,,2,32.558,0,,7,15,1,18,19,,3,4,13,10,6,6,2,6,15,12,1,1,,8,,,,,4,,,,3,,,,3,5,,27,97,,,,3,,,32,,,,,,,,,,,,,,,,,,321
257940,"San Mateo County, CA, USA","California, USA","United States","37.66366843, -122.49250429",land,,2023-01-22,"Pacific Beach Coalition",1,,1,11.059,0.99844877741252,,,3,4,4,7,,,,4,5,3,4,,,,,,,,,,,,,1,,,,1,,,,1,,,4,52,,,,1,,,,,,,,,,,,,,,,,,,,,94
257941,"San Diego County, CA, USA","California, USA","United States","32.753458318567, -117.25160720426",land,,2023-01-23,"San Diego Whale Watch",2,,2,1.37,0.013162466524374,,2,3,,,,1,3,12,24,,,,1,1,6,,7,4,,,,,,,,,6,1,,1,1,,,1,,2,3,,,,,,,30,,,,,,,,,,,,,,,,,,109
257947,"Alameda County, CA, USA","California, USA","United States","37.856825902162, -122.25570850086",land,,2023-01-23,,1,,1,15,0,2,,,,,,,,,,,,,,,,,,,,,,,,,,,,,,,,,,,,,,,,,,,,,,,,,,,,,,,,,,,,,,
257957,"San Mateo County, CA, USA","California, USA","United States","37.650446373505, -122.48967455552",land,,2023-01-23,"PBC jason mcarthur ocean class",15,,15,0.29,0,,,,,2,,,,,28,,,,,,1,,2,,,,,,,,,,,,,,,,,3,,,,,,,6,,,,,,,,,,,,,,,,,,,,,42
257959,"Los Angeles County, CA, USA","California, USA","United States","34.112814969377, -117.6995077225",land,,2023-01-23,"Molly Loves Trash",1,,1,0.56,0,,,,,,,,,,,,,,,,,,,,,,,,,,,,,,,,,,,,,,4,,,,,,,,,,,,,,,,,,,,,,,,,4
257961,"San Mateo County, CA, USA","California, USA","United States","37.66373759, -122.49311306",land,,2023-01-23,"Pacific Beach Coalition",1,,1,4.733,0,,,1,,1,,,,,,,1,1,,,11,,1,,,,,,,,,,,,,,,,,,1,8,20,,,,3,,,,,,,,,,,,,,,,,,,,,48
257962,"San Mateo County, CA, USA","California, USA","United States","37.66850732, -122.49449639",land,,2023-01-23,"Pacific Beach Coalition",1,,1,0.412,0.3132575853576,,,,,1,1,,,,,,1,1,,,,,,,,,,,,,,,,,,,,,,,,,2,,,,,,,,,,,,,,,,,,,,,,,,,6
257963,"San Bernardino County, CA, USA","California, USA","United States","34.107896310631, -117.66950141929",land,,2023-01-23,"Molly Loves Trash",1,,1,0.571,0,,,,,,,1,,,,,,,,,,,,,,,,,,,,,,,,,,,,,,,4,,,,,,,,,,,,,,,,,,,,,,,,,5
257964,"Riverside County, CA, USA","California, USA","United States","33.836765186893, -117.5472173934",land,,2023-01-23,,1,,1,0.048,0,,,,,,,,,,,1,,,,,1,1,,,,,,,,,,,,,,,,,,,,,,,,,,,,,,,,,,,,,,,,,,,,,,3
257967,"San Mateo County, CA, USA","California, USA","United States","37.579545797815, -122.36040584754",land,,2023-01-24,"Carey 4K",1,,1,0.064,0,,4,,,,,,,,,,,,,,,,,,,,,,,,,,,,,,,,,,,,,,,,,,,,,,,,,,,,,,,,,,,,,4
257968,"San Mateo County, CA, USA","California, USA","United States","37.6565788, -122.4284342",land,,2023-01-24,"the loud crowd",1,,1,0.139,0,,,,,,,1,1,1,1,,,,,,,,,,,,,,,,,,,,,,,,,,,1,,,,,,,,,,,,,,,,,,,,,,,,,,5
257969,"Ventura County, CA, USA","California, USA","United States","34.40996169, -118.79454993",land,,2023-01-24,"Hill People",1,,1,8.069,0,,2,3,1,5,3,1,3,10,9,2,2,3,,,15,7,3,5,,,,,,,,,1,,5,,,,,6,1,4,25,,1,,4,,,35,,,,,,,,,,,,,,,,,,156
257972,"San Mateo County, CA, USA","California, USA","United States","37.542277009886, -122.51081960247",land,,2023-01-24,"Daily Walk",1,,1,1,3,,,1,,,,,,6,,,,,,,1,,2,1,1,3,,1,,,,,,,,,,,,,2,10,,,,,,,,10,,,,,,,,,,,,,,,,,,38
257977,"Alameda County, CA, USA","California, USA","United States","37.565444883873, -122.03103822259",land,,2023-01-24,,2,,2,9.5,0,2,,,,,,,,,,,,,,,,,,,,,,,,,,,,,,,,,,,,,,,,,,,,,,,,,,,,,,,,,,,,,,
257987,"Los Angeles County, CA, USA","California, USA","United States","34.132890952783, -118.27307470154",land,,2023-01-24,MotherEarth,1,,1,5.045,0.74145540468958,,1,2,4,3,,5,10,10,11,1,1,,1,1,7,1,2,1,,,,,,,,,,2,,1,4,2,1,,,1,,6,,,1,1,,3,,,,,,,,,,,,,,,,,,83
257990,"San Mateo County, CA, USA","California, USA","United States","37.64946731, -122.49305953",land,,2023-01-24,"Pacific Beach Coalition",1,,1,14.685,0.37540541565884,,,2,,2,2,,,,2,,1,3,2,1,13,1,1,2,,,,,,,,,,,,,,,,,,12,88,,,,2,,,,,,,,,,,,,,,,,,,,,134
258000,"San Mateo County, CA, USA","California, USA","United States","37.66413975, -122.4928437",land,,2023-01-25,"Pacific Beach Coalition",1,,1,7.387,0.50066595291664,,,3,,,13,,,,2,,2,,1,,7,,,3,,,,,,,,,,,1,,,,,,,13,33,,,,2,,,2,,,,,,,,,,,,,,,,,,82
258003,"Alameda County, CA, USA","California, USA","United States","37.565444883873, -122.03103822259",land,,2023-01-25,,1,,1,4,0,2,,,,,,,,,,,,,,,,,,,,,,,,,,,,,,,,,,,,,,,,,,,,,,,,,,,,,,,,,,,,,,
258026,"San Mateo County, CA, USA","California, USA","United States","37.6640328, -122.49288192",land,,2023-01-25,"Pacific Beach Coalition",1,,1,12.349,0.93768641030813,,,2,1,4,3,,1,,2,,1,1,,1,7,4,3,,,,,,,,2,1,,,,,,,,,,21,57,2,,,1,,,,,,,,,,,,,,,,,,,,,114
258027,"Monterey County, CA, USA","California, USA","United States","36.586755802889, -121.86788136151",land,,2023-01-25,"carolyn alone at sunrise",1,,1,14.856,0,,,3,,,,2,,5,,,,,,,5,,,,2,,,,,,,,,,,,,,,,,5,,,,,,,,19,,,,,,,,,,,,,,,,,,41
258045,"Contra Costa County, CA, USA","California, USA","United States","37.951309857925, -121.95520243619",land,,2023-01-25,,1,,1,30,0,2,,,,,,,,,,,,,,,,,,,,,,,,,,,,,,,,,,,,,,,,,,,,,,,,,,,,,,,,,,,,,,
258057,"Marin County, CA, USA","California, USA","United States","37.831880645862, -122.53710667614",land,,2023-01-26,,1,,1,6.088,0,,8,,3,3,41,1,8,6,4,2,1,3,,,3,7,1,2,,,,,,1,,,,1,,,,1,,,4,,,,,,2,,1,21,,,,,,,,,,,,,,,,,,124
258058,"Orange County, CA, USA","California, USA","United States","33.83093, -118.03655",land,,2023-01-25,"Pacific Beach Coalition",2,,2,12.23,0.0049,,2,,1,5,6,4,3,3,27,,,6,1,3,7,3,1,1,,,,,,,,,1,,,,,,,,,,85,,,,4,,,13,,,,,,,,,,,,,2,,,,,178
258062,"Santa Cruz County, CA, USA","California, USA","United States","36.957988108629, -121.88702219364",land,,2023-01-26,"Hidden Beach",2,,2,2,0,1,,,,,,,,,,,,,,,,,,,,,,,,,,,,,,,,,,,,,,,,,,,,,,,,,,,,,,,,,,,,,,
258182,"Orange County, CA, USA","California, USA","United States","33.503664276509, -117.662307671",land,,2023-01-26,seeniztheweeniz,7,,7,2.477,0.036324909184653,,,1,,,,,,3,,2,,,1,1,76,15,2,,,,,,,,,,,,,,,,,,,,,,,,,,,,,,,,,,,,,,,,,,,,,101
258278,"Santa Cruz County, CA, USA","California, USA","United States","36.958012927138, -121.88706667484",land,,2023-01-27,"Hidden Beach",2,,2,2,0,1,,,,,,,,,,,,,,,,,,,,,,,,,,,,,,,,,,,,,,,,,,,,,,,,,,,,,,,,,,,,,,
258290,"San Mateo County, CA, USA","California, USA","United States","37.650656968432, -122.48977931315",land,,2023-01-27,"PBC jason mcarthur ocean class",12,,12,0.279,0.26414040993103,,,,,2,,,,,143,,,2,,,2,,3,,,,,,,,,,,,,,,,,2,,,,,,,,,,,,,,,,,,,,,,,,,,,,154
258295,"Mendocino County, CA, USA","California, USA","United States","39.40462554, -123.80963348",land,,2023-01-27,"Noyo Coast center for marine science",1,,1,0.035,0,,,,,,1,,,,,,,,,,,,,,,,,,,,,,,,,,,,,,,,,,,,,,,,,,,,,,,,,,,,,,,,,1
258303,"San Francisco County, San Francisco, CA, USA","California, USA","United States","37.7749295, -122.4194155",land,,2023-01-27,RGANYD23,30,,30,600,0,40,,,,,,,,,,,,,,,,,,,,,,,,,,,,,,,,,,,,,,,,,,,,,,,,,,,,,,,,,,,,,,
258307,"Mendocino County, CA, USA","California, USA","United States","39.453348255003, -123.79726899002",land,,2023-01-27,"noyo center for marine science",1,,1,0.643,0,,,,1,,,,,1,5,,,,,,3,,,,,,,,,,,,,,,,,,,1,,,,,,,1,,,,,,,,,,,,,,,,,,,,,12
258311,"Sonoma County, CA, USA","California, USA","United States","38.8054624, -123.0172227",land,,2023-01-28,,1,,1,2,0,1,,,,,,,,,,,,,,,,,,,,,,,,,,,,,,,,,,,,,,,,,,,,,,,,,,,,,,,,,,,,,,
258315,"San Mateo County, CA, USA","California, USA","United States","37.612107958499, -122.48954916001",land,,2023-01-27,"pacifica beach coalition",1,,1,1.648,1.4667862554023,,,2,,1,1,,,,4,,1,,,1,2,1,1,,,,,,,,,,,,2,1,,,,,,1,4,,,,1,,,,,,,,,,,,,,,,,,,,,23
258318,"Alameda County, CA, USA","California, USA","United States","37.565517303703, -122.0309074916",land,,2023-01-28,,1,,1,6,0,3,,,,,,,,,,,,,,,,,,,,,,,,,,,,,,,,,,,,,,,,,,,,,,,,,,,,,,,,,,,,,,
258350,"San Mateo County, CA, USA","California, USA","United States","37.645027109707, -122.49150739988",land,,2023-01-28,"PBC Esplanade Beach",1,,1,0.696,0.062661333373405,,,1,,,1,1,,,,,2,,1,,8,1,,,,,,,,,1,,,,,,,,2,,,,,,,,3,,,,,,,,,,,,,,,,,,,,,21
258363,"San Mateo County, CA, USA","California, USA","United States","37.666356211691, -122.49492531632",land,,2023-01-28,"Pacific Beach Coalition",1,,1,3.079,0,,,,3,3,4,2,3,1,24,1,,2,,1,8,1,3,1,,,,,,,,,2,,,1,,,,,,2,4,,,,1,,,14,,,,,,,,,,,,,,,,,,81
258366,"San Mateo County, CA, USA","California, USA","United States","37.48288105017, -122.45213594257",land,,2023-01-28,"Sea Hugger",1,,1,4.002,0.0070547196834975,,7,,1,,,,,,,,,,,,,,,,,,,,,,40,,5,,,,,,,,,,,,,,,,,20,,,,,,,,,,,,,,,,,,73
258367,"San Mateo County, CA, USA","California, USA","United States","37.482953346221, -122.45214820757",land,,2023-01-28,,1,,1,0.427,0.01400472381893,,1,1,,,,,,2,,10,,9,,,,,,,,,,,,,,,,,,,,,,,,,,,,,,,,,,,,,,,,,,,,,,,,,,23
258368,"San Mateo County, CA, USA","California, USA","United States","37.482924037648, -122.4521213026",land,,2023-01-28,"Sea Hugger",6,,6,2.739,0,,,,,1,,,,,,,,,,,,,,,,,,1,,,,,1,1,,,,,,,,,,,,,,,,30,,,,,,,,,,,,,,,,,,34
258373,"San Mateo County, CA, USA","California, USA","United States","37.482922486996, -122.45212582883",land,,2023-01-28,"Sea Hugger",4,,4,7.109,0.00014406138158036,,1,2,10,9,6,,6,4,,,,2,4,,,,2,2,,,,,,,,,,,1,,,1,,,,,1,,,,,,,100,,,,,,,,,,,,,,,,,,151
258374,"San Mateo County, CA, USA","California, USA","United States","37.482924879625, -122.45212372922",land,,2023-01-28,,1,,1,0.253,0.0555334992028,,3,,,,1,,,2,10,2,1,1,,,2,,1,,,,,,,,,,,,,,,,,1,,,,,,,,,,10,,,,,,,,,,,,,,,,,,34
258375,"San Mateo County, CA, USA","California, USA","United States","37.482900186313, -122.45231166264",land,,2023-01-28,"Team Alvin",3,,3,2.965,0.0035417764951555,,,,,,,,,,,,,,,,,3,,1,,,,1,,1,,,2,,,3,,,,1,,,1,,,,1,,,20,,,,,,,,,,,,,,,,,,34
258376,"San Mateo County, CA, USA","California, USA","United States","37.48291347645, -122.4521596079",land,,2023-01-28,SeaHuggers,2,,2,9.252,0,,2,3,3,3,1,,4,,2,5,22,,15,2,3,2,,,,2,,,,,10,,,,,,,,,,4,4,,,,,,,,17,,,,,,,,,,,,,,,,,,104
258377,"San Mateo County, CA, USA","California, USA","United States","37.4635519, -122.4285862",land,,2023-01-28,SeaHugger,1,,1,2.625,0,,7,1,3,2,1,1,,2,1,,2,1,,2,7,,1,,,,,,,,2,1,,,,,,,,,,,,,,,,,,39,,,,,,,,,,,,,,,,,,73
258378,"San Mateo County, CA, USA","California, USA","United States","37.482932042365, -122.45212859486",land,,2023-01-28,"sea hugger",1,,1,4.2,1.5,,5,3,4,7,4,,,7,,5,2,,,,7,1,,,,,,,,,,,,,1,,,,,,1,2,1,,,,,,,15,,,,,,,,,,,,,,,,,,65
258379,"Alameda County, CA, USA","California, USA","United States","37.565400683557, -122.03109274997",land,,2023-01-28,,2,,2,15,0,1,,,,,,,,,,,,,,,,,,,,,,,,,,,,,,,,,,,,,,,,,,,,,,,,,,,,,,,,,,,,,,
258386,"Santa Barbara County, CA, USA","California, USA","United States","34.37410917602, -119.47862589743",land,,2023-01-28,Robin,1,,1,50.752,0.0056617836316021,,,1,,,2,1,,,,,,,,,,1,,,1,,,1,2,,,1,,,,,,1,,,,1,1,,,,,,,1,,,,,,,,,,,,,,,,,,14
258387,"Mendocino County, CA, USA","California, USA","United States","39.500984743944, -123.78608229663",land,,2023-01-28,,1,,1,0.56,0,,,,,,,,,,,,,,,,,,,,,,,,,,,,,,,,,,,,,,4,,,,,,,50,,,,,,,,,,,,,,,,,,54
258390,"Santa Barbara County, CA, USA","California, USA","United States","34.374000672283, -119.47868934844",land,,2023-01-28,Robin,1,,1,3.904,0.0033061419831396,,,,,,2,,,2,,,,,,,,,1,,,,,1,,,,,,,1,,,,,,,1,5,,,,,,,5,,,,,,,,,,,,,,,,,,18
258394,"San Mateo County, CA, USA","California, USA","United States","37.66401811, -122.49281061",land,,2023-01-28,"Pacific Beach Coalition",1,,1,8.398,1.0625301998538,,,4,1,1,1,,,1,6,,2,1,,3,3,4,1,,,,,,,,19,,,,,,,,,,,15,28,,,,3,,,,,,,,,,,,,,,,,,,,,93
258395,"San Mateo County, CA, USA","California, USA","United States","37.491101802902, -122.45630372354",land,,2023-01-29,"sea hugger",2,,2,0.452,0,,,1,,2,,,,1,,,,,2,,6,,,,,,,,,,,,,,,,,,,1,,,,,,,,,,10,,,,,,,,,,,,,,,,,,23
258396,"San Mateo County, CA, USA","California, USA","United States","37.66678246, -122.49441816",land,,2023-01-29,"Pacific Beach Coalition",1,,1,2.526,0.37497553236269,,,,,,,,,1,3,,,,,,,,1,,,,,,,,,,,,,,,,,,,7,11,1,,,,,,,,,,,,,,,,,,,1,,,,,25
258401,"San Mateo County, CA, USA","California, USA","United States","37.648308326298, -122.48711420348",land,,2023-01-29,"Pacific Beach Coalition - Terri Brown",1,,1,41.618,0,,2,5,5,4,8,2,5,4,,6,2,8,,4,13,7,9,3,,,,9,,,,,4,,5,4,2,,,,,,78,,3,,6,,,10,,,,,,,,,,,,,10,,,,,218
258405,"San Mateo County, CA, USA","California, USA","United States","37.483042712242, -122.45212318222",land,,2023-01-28,"sea hugger",2,,2,21.883,0.37596706413708,,,1,1,,,1,1,2,,4,2,,,,,,2,,,,,,1,,2,,,,1,,,,,,1,2,,,,,,,,6,,,,,,,,,,,,,,,,,,27
258419,"San Luis Obispo County, CA, USA","California, USA","United States","35.11819375653, -120.62522352167",land,,2023-01-29,,1,,1,0.01,0,,,,,,,,,,,,,,,,,,,,,,,,,,,,,,,,,,,,,,,,,,,,,,,,,,,,,,,,,,,,,,,
258425,"San Luis Obispo County, CA, USA","California, USA","United States","35.141835054415, -120.6445200463",land,,2023-01-29,zoey,2,,2,4.047,0.062576251002388,,,,1,,,,,16,7,,,,,,3,,4,,,,,,,,2,,1,,2,,1,,,,2,12,,,,,,,,30,,,,,,,,,,,,,,,,,,81
258426,"San Luis Obispo County, CA, USA","California, USA","United States","35.1433930084, -120.64318521799",land,,2023-01-29,"dogs out",5,,5,56.463,0.39423599936184,,2,1,5,6,5,5,11,65,19,,6,1,,,35,2,2,3,4,,,1,,3,19,,1,1,6,1,,,,1,18,60,9,,,,1,2,,97,,,,,,,,,,,,,,,,,,392
258428,"Alameda County, CA, USA","California, USA","United States","37.532291729038, -122.07274052326",land,,2023-01-29,marella,2,,2,22.765,0.051590166269986,,,,,,1,1,1,1,16,1,3,1,1,1,7,,,1,3,,,,,,,,5,,,,,,,,,,9,,,,,,,4,,,,,,,,,,,,,,,,,,56
258435,"San Mateo County, CA, USA","California, USA","United States","37.542278375886, -122.51082575093",land,,2023-01-29,"just me",2,,2,2.471,0,,,,,2,,,,12,,,,,,,3,2,3,1,,,,,,,,,,,,,,,,,2,10,,,,,1,,,5,,,,,,,,,,,,,,,,,,41
258436,"San Francisco County, San Francisco, CA, USA","California, USA","United States","37.75811874, -122.48871312",land,,2023-01-29,"pacific beach coalition",1,,1,0.579,0.46722631254398,,1,,,1,1,1,2,2,2,2,,,3,,7,3,,,,,,,,,,,1,,,,,,,,,,,,,,2,,,3,,,,,,,,,,,,,,,,,,31
258437,"San Mateo County, CA, USA","California, USA","United States","37.64962337, -122.49296988",land,,2023-01-29,"Pacific Beach Coalition",1,,1,13.578,0.37533967987578,,,4,,1,,1,,1,4,,,,,1,9,1,,,,,,,,,4,,,,,,1,,,,,11,80,,,,6,,,1,,,,,,,,,,,,,2,,,,,127
258438,"San Mateo County, CA, USA","California, USA","United States","37.473281744824, -122.23693777822",land,,2023-01-29,,1,,1,4.2,1.2,,2,6,3,2,1,2,4,4,3,,1,2,3,1,14,4,2,4,,,,,,,,,10,,1,,,,3,,1,2,,1,,,2,,,,,,,,,,,,,,,,,,,,,78
258441,"San Mateo County, CA, USA","California, USA","United States","37.66390099, -122.49278818",land,,2023-01-29,"Pacific Beach Coalition",1,,1,7.812,1.2494434960844,,,7,3,3,,,,,8,1,4,,,3,10,4,2,,,,,,,,3,,,,,,,,,,,7,30,,,,3,,,,,,,,,,,,,,,,2,,,,,90
258443,"Orange County, CA, USA","California, USA","United States","33.83097, -118.03623",land,,2023-01-29,"Pacific Beach Coalition",2,,2,15.11,0.0328,,2,,2,3,6,,,2,21,,,3,1,1,12,4,3,1,,,,2,,,,,1,,,,,,,,,,92,,,,2,,,11,,,,,,,,1,,,,,2,,,,,172
258444,"Santa Barbara County, CA, USA","California, USA","United States","34.373992332289, -119.47870410059",land,,2023-01-30,Robin,1,,1,13.671,0,,,1,,1,2,3,,4,,,,,,5,,2,2,,1,,,1,,,,,,,3,,,,,,,8,11,,,,,,,16,,,,,,,,,,,,,,,,,,60
258448,"Contra Costa County, CA, USA","California, USA","United States","37.919972743454, -121.74589661772",land,,2023-01-30,"Staley Lemmer For The Win",3,,3,33.268,0.0056150005852549,,4,2,4,3,2,,,6,13,,,,,,1,17,22,18,,,,,1,,,12,13,,5,,3,,,2,,,39,,,,1,,,57,,,,,,,,,,,,,,,,,,225
258450,"Alameda County, CA, USA","California, USA","United States","37.856977949886, -122.25570154388",land,,2023-01-30,,1,,1,15,0,2,,,,,,,,,,,,,,,,,,,,,,,,,,,,,,,,,,,,,,,,,,,,,,,,,,,,,,,,,,,,,,
258705,"San Mateo County, CA, USA","California, USA","United States","37.650469563768, -122.48968532984",land,,2023-01-30,"PBC jason mcarthur ocean class",12,,12,0.124,0,,,,,1,1,,1,,29,,,,,,,,2,,,,,,,,,,,,,,,,,,,,,,,,3,,,,,,,,,,,,,,,,,,,,,37
258714,"San Mateo County, CA, USA","California, USA","United States","37.653027032472, -122.49081352502",land,,2023-01-30,"PBC Esplanade Beach",1,,1,0.089,0,,,,,,1,,,,,,1,,,,,2,1,,,,,,,,,,,,,,,,,,,,,,,,2,,,,,,,,,,,,,,,,,,,,,7
259763,"San Bernardino County, CA, USA","California, USA","United States","34.099267116801, -117.69060690346",land,,2023-01-24,"Molly Loves Trash",1,,1,0.01,0.062926905338544,,,,,,,,,,,,,,,,,,,,,,,,,,,,,,,,,,,,,,,,,,,,,,,,,,,,,,,,,,,,,,,
259764,"San Bernardino County, CA, USA","California, USA","United States","34.108019766393, -117.66930902445",land,,2023-01-30,"Molly Loves Trash",1,,1,0.589,0,,,1,,,,,,,,,2,1,,,,,,,,,,,,,,,,,,,,,,,,3,1,,,,,,,,,,,,,,,,,,,,,,,,,8
259768,"Santa Barbara County, CA, USA","California, USA","United States","34.417083249673, -119.7029608997",land,,2023-01-30,"Explore Ecology-LagunaBlanca-Richter",15,,15,5,0.25,,,3,,2,2,,,1,4,,,,1,,1,,1,1,,,,,,,4,,,,,,,,1,,,3,3,,,,,,,6,,,,,,,,,,,,,,,,,,33
259775,"San Mateo County, CA, USA","California, USA","United States","37.603501358375, -122.49977514131",land,,2023-01-30,"Pacifica beach coalition",1,,1,0.194,0,,,,,,,,,1,,,,,1,,,,,1,,,,,,,,,,,,,,,,,,1,,,,,,,,22,,,,,,,,,,,,,,,,,,26
259776,"San Mateo County, CA, USA","California, USA","United States","37.66387665, -122.49268367",land,,2023-01-30,"Pacific Beach Coalition",1,,1,8.9,1.3,,1,5,3,1,1,,1,2,5,1,2,,,1,7,1,,,,,,,,,2,,,,1,,,,,,,4,40,1,,,,,,,,,,,,,,,,,,,4,,,,,83
259798,"Los Angeles County, CA, USA","California, USA","United States","34.070212531243, -118.21528107159",land,,2023-01-31,haha,1,,1,0.008,0,,,,,,,,2,,,,,,,,,,,,,,,,,,,,,,,,,,,,,,,,,,,,,,,,,,,,,,,,,,,,,,,2
259813,"San Mateo County, CA, USA","California, USA","United States","37.650466512293, -122.48967291989",land,,2023-01-31,"PBC jason mcarthur ocean class",15,,15,0.074,0,,,,,1,,,,,53,,,,,,,,2,,,,,,,,,,,,,,,,,,,,,,,,2,,,,,,,,,,,,,,,,,,,,,58
259827,"Alameda County, CA, USA","California, USA","United States","37.899347896347, -122.27275358686",land,,2023-01-31,"Shark Stewards",29,,29,22.059,0,,5,2,,1,1,5,2,22,67,6,3,1,2,4,7,2,2,,,14,,,,,,6,,2,2,,,,1,5,,5,3,,,,2,1,,48,,,,,,,,,,,,,,,,,,221
259828,"San Mateo County, CA, USA","California, USA","United States","37.561960606871, -122.30115677241",land,,2023-01-31,,1,,1,0.346,0,,,10,,,3,,,1,2,,,,,,,1,1,,,,,,,,,,,,,,,,,,,,,,,,,,,,,,,,,,,,,,,,,,,,,18
259830,"San Mateo County, CA, USA","California, USA","United States","37.66391157, -122.49275786",land,,2023-01-31,"Pacific Beach Coalition",1,,1,11.1,1.2496612347868,,2,3,1,1,2,,,1,21,,1,1,,,8,1,1,,,,,,,,6,,,,,,,,,,1,3,58,4,,,,,,,,,,,,,,,,,,,5,,,,,120
260162,"Marin County, CA, USA","California, USA","United States","38.049943440811, -122.83422231777",land,,2023-01-29,PBC,1,,1,14.827,10,,,,,,,1,3,1,,,,,,,2,,,,2,,,,,,2,,1,,1,,,,,,,2,,,,,,,,9,,,,,,,,,,,,,,,,,,24
260163,"Marin County, CA, USA","California, USA","United States","38.049943440811, -122.83422231777",land,,2023-01-29,PBC,1,,1,14.827,10,,,,,,,1,3,1,,,,,,,2,,,,2,,,,,,2,,1,,1,,,,,,,2,,,,,,,,9,,,,,,,,,,,,,,,,,,24
260164,"Marin County, CA, USA","California, USA","United States","38.049943440811, -122.83422231777",land,,2023-01-29,PBC,1,,1,14.827,10,,,,,,,1,3,1,,,,,,,2,,,,2,,,,,,2,,1,,1,,,,,,,2,,,,,,,,9,,,,,,,,,,,,,,,,,,24
260165,"Marin County, CA, USA","California, USA","United States","38.049943440811, -122.83422231777",land,,2023-01-29,PBC,1,,1,14.827,10,,,,,,,1,3,1,,,,,,,2,,,,2,,,,,,2,,1,,1,,,,,,,2,,,,,,,,9,,,,,,,,,,,,,,,,,,24
260166,"Marin County, CA, USA","California, USA","United States","38.049943440811, -122.83422231777",land,,2023-01-29,PBC,1,,1,14.827,10,,,,,,,1,3,1,,,,,,,2,,,,2,,,,,,2,,1,,1,,,,,,,2,,,,,,,,9,,,,,,,,,,,,,,,,,,24
260167,"Marin County, CA, USA","California, USA","United States","38.049943440811, -122.83422231777",land,,2023-01-29,PBC,1,,1,14.827,10,,,,,,,1,3,1,,,,,,,2,,,,2,,,,,,2,,1,,1,,,,,,,2,,,,,,,,9,,,,,,,,,,,,,,,,,,24
260168,"Marin County, CA, USA","California, USA","United States","38.049943440811, -122.83422231777",land,,2023-01-29,PBC,1,,1,14.827,10,,,,,,,1,3,1,,,,,,,2,,,,2,,,,,,2,,1,,1,,,,,,,2,,,,,,,,9,,,,,,,,,,,,,,,,,,24
260169,"Marin County, CA, USA","California, USA","United States","38.049943440811, -122.83422231777",land,,2023-01-29,PBC,1,,1,14.827,10,,,,,,,1,3,1,,,,,,,2,,,,2,,,,,,2,,1,,1,,,,,,,2,,,,,,,,9,,,,,,,,,,,,,,,,,,24
260170,"Marin County, CA, USA","California, USA","United States","38.049943440811, -122.83422231777",land,,2023-01-29,PBC,1,,1,14.827,10,,,,,,,1,3,1,,,,,,,2,,,,2,,,,,,2,,1,,1,,,,,,,2,,,,,,,,9,,,,,,,,,,,,,,,,,,24
260171,"Marin County, CA, USA","California, USA","United States","38.049943440811, -122.83422231777",land,,2023-01-29,PBC,1,,1,14.827,10,,,,,,,1,3,1,,,,,,,2,,,,2,,,,,,2,,1,,1,,,,,,,2,,,,,,,,9,,,,,,,,,,,,,,,,,,24
260187,"Los Angeles County, CA, USA","California, USA","United States","33.806550623257, -118.32416543661",land,,2023-01-22,,1,,1,0.01,0,,,,,,,,,,,,,,,,,,,,,,,,,,,,,,,,,,,,,,,,,,,,,,,,,,,,,,,,,,,,,,,
260288,"San Mateo County, CA, USA","California, USA","United States","37.4635519, -122.4285862",land,,2023-01-28,,1,,1,2,0,1,,,,,,,,,,,,,,,,,,,,,,,,,,,,,,,,,,,,,,,,,,,,,,,,,,,,,,,,,,,,,,
Totals:,,,,,,,,,,,,,,,243,484,267,571,503,263,362,1015,2530,228,299,301,202,220,1191,397,531,267,142,133,1,258,14,41,393,136,209,50,206,31,47,64,75,195,323,758,2559,35,57,3,277,12,16,4057,0,0,0,0,3,0,0,6,0,0,0,0,40,1,0,0,0
